{"frames": [

{
	"filename": "1.png",
	"frame": {"x":2,"y":2,"w":132,"h":122},
	"rotated": false,
	"trimmed": true,
	"spriteSourceSize": {"x":183,"y":189,"w":132,"h":122},
	"sourceSize": {"w":500,"h":500}
},
{
	"filename": "2.png",
	"frame": {"x":384,"y":2,"w":132,"h":110},
	"rotated": false,
	"trimmed": true,
	"spriteSourceSize": {"x":184,"y":195,"w":132,"h":110},
	"sourceSize": {"w":500,"h":500}
},
{
	"filename": "3.png",
	"frame": {"x":518,"y":2,"w":108,"h":92},
	"rotated": true,
	"trimmed": true,
	"spriteSourceSize": {"x":196,"y":204,"w":108,"h":92},
	"sourceSize": {"w":500,"h":500}
},
{
	"filename": "4.png",
	"frame": {"x":136,"y":2,"w":130,"h":120},
	"rotated": false,
	"trimmed": true,
	"spriteSourceSize": {"x":185,"y":190,"w":130,"h":120},
	"sourceSize": {"w":500,"h":500}
},
{
	"filename": "5.png",
	"frame": {"x":268,"y":2,"w":114,"h":118},
	"rotated": false,
	"trimmed": true,
	"spriteSourceSize": {"x":201,"y":193,"w":114,"h":118},
	"sourceSize": {"w":500,"h":500}
}],
"meta": {
	"app": "http://www.texturepacker.com",
	"version": "1.0",
	"image": "1.png",
	"format": "RGBA8888",
	"size": {"w":612,"h":126},
	"scale": "1",
	"smartupdate": "$TexturePacker:SmartUpdate:6afbef0f32eae7048e53973590f653b7$"
}
}
