{"frames": [

{
	"filename": "2-5-0.png",
	"frame": {"x":2,"y":2,"w":78,"h":102},
	"rotated": false,
	"trimmed": true,
	"spriteSourceSize": {"x":220,"y":162,"w":78,"h":102},
	"sourceSize": {"w":500,"h":500}
},
{
	"filename": "2-5-1.png",
	"frame": {"x":82,"y":2,"w":78,"h":100},
	"rotated": false,
	"trimmed": true,
	"spriteSourceSize": {"x":219,"y":164,"w":78,"h":100},
	"sourceSize": {"w":500,"h":500}
},
{
	"filename": "2-5-2.png",
	"frame": {"x":162,"y":2,"w":76,"h":100},
	"rotated": false,
	"trimmed": true,
	"spriteSourceSize": {"x":219,"y":164,"w":76,"h":100},
	"sourceSize": {"w":500,"h":500}
},
{
	"filename": "2-5-3.png",
	"frame": {"x":240,"y":2,"w":74,"h":100},
	"rotated": false,
	"trimmed": true,
	"spriteSourceSize": {"x":219,"y":164,"w":74,"h":100},
	"sourceSize": {"w":500,"h":500}
}],
"meta": {
	"app": "http://www.texturepacker.com",
	"version": "1.0",
	"image": "5.png",
	"format": "RGBA8888",
	"size": {"w":316,"h":106},
	"scale": "1",
	"smartupdate": "$TexturePacker:SmartUpdate:8a3d722dab4e8725383a5ddc02557d94$"
}
}
