{
	"groups": [
		{
			"keys": "Main_json,menubar_json",
			"name": "main"
		},
		{
			"keys": "common_bg_icon2_png,common_bg_icon1_png,common_bg_icon3_png,common_bg_icon4_png,common_bg_icon5_png,common_bg_icon6_png,common_bg_icon7_png,common_btn_png,common_btn1_png,common_close_btn_png,common_icon_bg_png,common_btn2_png,common_lock_icon_png,common_panel_bg1_png,common_panel_bg_png,common_point_icon_png,common_back_btn_png,common_point_icon1_png,common_tip_icon_png,common_back_icon_png,common_bar_pro_png,common_bar_bg_png,guide_arrow_png,common_bg_tips_png",
			"name": "common"
		},
		{
			"keys": "Login_json",
			"name": "login"
		},
		{
			"keys": "cfg_Server_json,cfg_random_name_json,common_bg_icon_png,guide_arrow_png,loginBg_png,load_bar_point_png,load_bg1_png,load_bar_pro_png,load_bg2_png,load_bar_bg1_png,load_bar_bg_png,loginBg1_png,welcom_bg_png,welcom_button_png,wuHun_bg_head1_png,common_btn3_png,common_btn4_png,common_close_btn1_png",
			"name": "preload"
		},
		{
			"keys": "bag_json",
			"name": "bag"
		},
		{
			"keys": "wuHun_score_3_png,wuHun_score_4_png,wuHun_score_6_png,wuHun_score_7_png,wuHun_score_5_png,wuHun_score_8_png,wuHun_score_9_png,wuHun_status_icon_png,wuHun_title_png,wuHun_title_1_png,wuHun_title_0_png,wuHun_title_2_png,goods_10006_png,wuHun_score_2_png,goods_10001_png,goods_10003_png,goods_10002_png,goods_10004_png,goods_10005_png,wuHun_1_png,wuHun_2_png,wuHun_3_png,wuHun_4_png,wuHun_5_png,wuHun_add_icon_png,wuHun_bg_png,wuHun_bg_head_png,wuHun_bg1_png,wuHun_head_1_png,wuHun_head_2_png,wuHun_head_3_png,wuHun_head_4_png,wuHun_head_title_png,wuHun_head_5_png,wuHun_head_title_1_png,wuHun_head_title_2_png,wuHun_score_png,wuHun_icon_bg_png,wuHun_score_1_png,wuHun_score_0_png",
			"name": "wuhun"
		},
		{
			"keys": "goods_4_png,goods_3_png,goods_5_png,goods_2_png,goods_8_png,goods_7_png,goods_10_png,goods_9_png,goods_11_png,goods_12_png,goods_13_png,goods_14_png,goods_16_png,goods_15_png,goods_17_png,goods_19_png,goods_18_png,goods_20_png,goods_22_png,goods_23_png,goods_24_png,goods_26_png,goods_27_png,goods_28_png,goods_29_png,goods_32_png,goods_33_png,goods_34_png,goods_35_png,goods_36_png,goods_37_png,goods_99926_png,goods_1_png,goods_6_png",
			"name": "goods"
		},
		{
			"keys": "weapon_bg_title_2_png,weapon_bg_png,weapon_bg1_png,weapon_bg_title_1_png,weapon_head_title_png,weapon_head_bg1_png,weapon_head_bg_png,weapon_img1_png,weapon_img3_png,weapon_img2_png,weapon_lock_png,weapon_new_icon_png,weapon_status_title_png,weapon_title_png,weapon_img4_png,weapon_title_2_png,weapon_title_3_png,weapon_title_4_png,weapon_title_1_png",
			"name": "weapon"
		},
		{
			"keys": "mission_bg1_png,mission_btn_png,mission_down_png,mission_title_png,mission_bg_png,mission_bg_black_png,mission_bg2_png,mission_result_bg_png,mission_result_btn_png,mission_result_icon_bg_png",
			"name": "mission"
		},
		{
			"keys": "pvp_head_2_png,pvp_head_bg2_png,pvp_lv_img_png,pvp_head_bg1_png,pvp_title_png,pvp_bg_png,pvp_top_bg_png,pvp_btn_png,pvp_head_1_png",
			"name": "pvp"
		},
		{
			"keys": "welcom_bg_png,welcom_button_png",
			"name": "welcom"
		},
		{
			"keys": "mainTop_bg3_png,mainTop_bg4_png,mainTop_fight_bg_png,mainTop_head_img_png,mainTop_name_bg_png,mainTop_head_bg_png,mainTop_num_0_png,mainTop_money1_png,mainTop_num_2_png,mainTop_num_3_png,mainTop_num_1_png,mainTop_num_4_png,mainTop_num_5_png,mainTop_num_6_png,mainTop_num_7_png,mainTop_num_8_png,mainTop_num_9_png,mainTop_power_img_png,mainTop_bg_img1_png,mainTop_money2_png",
			"name": "mainTop"
		}
	],
	"resources": [
		{
			"url": "assets/Texture/Font_Num.json",
			"type": "sheet",
			"name": "Font_Num_json",
			"subkeys": "Font_Num_Cut_Blood_-_png,Font_Num_Cut_Blood_0_png,Font_Num_Cut_Blood_1_png,Font_Num_Cut_Blood_2_png,Font_Num_Cut_Blood_3_png,Font_Num_Cut_Blood_4_png,Font_Num_Cut_Blood_5_png,Font_Num_Cut_Blood_6_png,Font_Num_Cut_Blood_7_png,Font_Num_Cut_Blood_8_png,Font_Num_Cut_Blood_9_png"
		},
		{
			"url": "assets/Texture/Login.json",
			"type": "sheet",
			"name": "Login_json",
			"subkeys": "Login_WndHead_png,Login_areaBg_png,Login_panelSkin1_png,Login_shutDown_png,Login_smeltBg_png,Login_start_png,Login_yellowBtnBright_png,Login_yellowBtnDark_png"
		},
		{
			"url": "assets/Texture/Main.json",
			"type": "sheet",
			"name": "Main_json",
			"subkeys": "Main_HP_Bg_png,Main_HP_Red_png"
		},
		{
			"url": "assets/Texture/CreateRole.json",
			"type": "sheet",
			"name": "CreateRole_json",
			"subkeys": "CreateRole_CreateBtn_png,CreateRole_HeroIcon_1_png,CreateRole_HeroIcon_2_png,CreateRole_NameBg_png,CreateRole_SexGuang_png,CreateRole_ShaiZi_png,CreateRole_Tell0_png,CreateRole_Tell1_png,CreateRole_Title_png"
		},
		{
			"url": "assets/Images/jobMan0.png",
			"type": "image",
			"name": "jobMan0_png"
		},
		{
			"url": "assets/Images/jobWoman1.png",
			"type": "image",
			"name": "jobWoman1_png"
		},
		{
			"url": "config/cfg_Server.json",
			"type": "json",
			"name": "cfg_Server_json"
		},
		{
			"url": "config/cfg_random_name.json",
			"type": "json",
			"name": "cfg_random_name_json"
		},
		{
			"url": "assets/Texture/bag.json",
			"type": "sheet",
			"name": "bag_json",
			"subkeys": "bag_bg_png,bag_title_png"
		},
		{
			"url": "assets/Texture/menubar.json",
			"type": "sheet",
			"name": "menubar_json",
			"subkeys": "menubar_bag_png,menubar_fight_png,menubar_pvp_png,menubar_weapon_png,menubar_wuHun_png_png"
		},
		{
			"url": "assets/Texture/wuHun/wuHun_3.png",
			"type": "image",
			"name": "wuHun_3_png"
		},
		{
			"url": "assets/Texture/wuHun/wuHun_4.png",
			"type": "image",
			"name": "wuHun_4_png"
		},
		{
			"url": "assets/Texture/wuHun/wuHun_add_icon.png",
			"type": "image",
			"name": "wuHun_add_icon_png"
		},
		{
			"url": "assets/Texture/wuHun/wuHun_5.png",
			"type": "image",
			"name": "wuHun_5_png"
		},
		{
			"url": "assets/Texture/wuHun/wuHun_bg.png",
			"type": "image",
			"name": "wuHun_bg_png"
		},
		{
			"url": "assets/Texture/wuHun/wuHun_bg1.png",
			"type": "image",
			"name": "wuHun_bg1_png"
		},
		{
			"url": "assets/Texture/wuHun/wuHun_bg_head.png",
			"type": "image",
			"name": "wuHun_bg_head_png"
		},
		{
			"url": "assets/Texture/wuHun/wuHun_head_1.png",
			"type": "image",
			"name": "wuHun_head_1_png"
		},
		{
			"url": "assets/Texture/wuHun/wuHun_head_2.png",
			"type": "image",
			"name": "wuHun_head_2_png"
		},
		{
			"url": "assets/Texture/wuHun/wuHun_head_3.png",
			"type": "image",
			"name": "wuHun_head_3_png"
		},
		{
			"url": "assets/Texture/wuHun/wuHun_head_4.png",
			"type": "image",
			"name": "wuHun_head_4_png"
		},
		{
			"url": "assets/Texture/wuHun/wuHun_head_5.png",
			"type": "image",
			"name": "wuHun_head_5_png"
		},
		{
			"url": "assets/Texture/wuHun/wuHun_head_title_2.png",
			"type": "image",
			"name": "wuHun_head_title_2_png"
		},
		{
			"url": "assets/Texture/wuHun/wuHun_icon_bg.png",
			"type": "image",
			"name": "wuHun_icon_bg_png"
		},
		{
			"url": "assets/Texture/wuHun/wuHun_score.png",
			"type": "image",
			"name": "wuHun_score_png"
		},
		{
			"url": "assets/Texture/wuHun/wuHun_score_0.png",
			"type": "image",
			"name": "wuHun_score_0_png"
		},
		{
			"url": "assets/Texture/wuHun/wuHun_score_1.png",
			"type": "image",
			"name": "wuHun_score_1_png"
		},
		{
			"url": "assets/Texture/wuHun/wuHun_score_2.png",
			"type": "image",
			"name": "wuHun_score_2_png"
		},
		{
			"url": "assets/Texture/wuHun/wuHun_score_4.png",
			"type": "image",
			"name": "wuHun_score_4_png"
		},
		{
			"url": "assets/Texture/wuHun/wuHun_score_3.png",
			"type": "image",
			"name": "wuHun_score_3_png"
		},
		{
			"url": "assets/Texture/wuHun/wuHun_score_5.png",
			"type": "image",
			"name": "wuHun_score_5_png"
		},
		{
			"url": "assets/Texture/wuHun/wuHun_score_6.png",
			"type": "image",
			"name": "wuHun_score_6_png"
		},
		{
			"url": "assets/Texture/wuHun/wuHun_head_title_1.png",
			"type": "image",
			"name": "wuHun_head_title_1_png"
		},
		{
			"url": "assets/Texture/wuHun/wuHun_score_8.png",
			"type": "image",
			"name": "wuHun_score_8_png"
		},
		{
			"url": "assets/Texture/wuHun/wuHun_score_7.png",
			"type": "image",
			"name": "wuHun_score_7_png"
		},
		{
			"url": "assets/Texture/wuHun/wuHun_score_9.png",
			"type": "image",
			"name": "wuHun_score_9_png"
		},
		{
			"url": "assets/Texture/wuHun/wuHun_title.png",
			"type": "image",
			"name": "wuHun_title_png"
		},
		{
			"url": "assets/Texture/wuHun/wuHun_head_title.png",
			"type": "image",
			"name": "wuHun_head_title_png"
		},
		{
			"url": "assets/Texture/wuHun/wuHun_status_icon.png",
			"type": "image",
			"name": "wuHun_status_icon_png"
		},
		{
			"url": "assets/Texture/wuHun/wuHun_title_2.png",
			"type": "image",
			"name": "wuHun_title_2_png"
		},
		{
			"url": "assets/Texture/wuHun/wuHun_title_0.png",
			"type": "image",
			"name": "wuHun_title_0_png"
		},
		{
			"url": "assets/Texture/wuHun/wuHun_title_1.png",
			"type": "image",
			"name": "wuHun_title_1_png"
		},
		{
			"url": "assets/Texture/wuHun/wuHun_1.png",
			"type": "image",
			"name": "wuHun_1_png"
		},
		{
			"url": "assets/Texture/wuHun/wuHun_2.png",
			"type": "image",
			"name": "wuHun_2_png"
		},
		{
			"url": "assets/Texture/wuHun/goods_10006.png",
			"type": "image",
			"name": "goods_10006_png"
		},
		{
			"url": "assets/Texture/wuHun/goods_10001.png",
			"type": "image",
			"name": "goods_10001_png"
		},
		{
			"url": "assets/Texture/wuHun/goods_10002.png",
			"type": "image",
			"name": "goods_10002_png"
		},
		{
			"url": "assets/Texture/wuHun/goods_10003.png",
			"type": "image",
			"name": "goods_10003_png"
		},
		{
			"url": "assets/Texture/wuHun/goods_10004.png",
			"type": "image",
			"name": "goods_10004_png"
		},
		{
			"url": "assets/Texture/wuHun/goods_10005.png",
			"type": "image",
			"name": "goods_10005_png"
		},
		{
			"url": "assets/Texture/goods/goods_4.png",
			"type": "image",
			"name": "goods_4_png"
		},
		{
			"url": "assets/Texture/goods/goods_3.png",
			"type": "image",
			"name": "goods_3_png"
		},
		{
			"url": "assets/Texture/goods/goods_5.png",
			"type": "image",
			"name": "goods_5_png"
		},
		{
			"url": "assets/Texture/goods/goods_2.png",
			"type": "image",
			"name": "goods_2_png"
		},
		{
			"url": "assets/Texture/goods/goods_8.png",
			"type": "image",
			"name": "goods_8_png"
		},
		{
			"url": "assets/Texture/goods/goods_7.png",
			"type": "image",
			"name": "goods_7_png"
		},
		{
			"url": "assets/Texture/goods/goods_10.png",
			"type": "image",
			"name": "goods_10_png"
		},
		{
			"url": "assets/Texture/goods/goods_9.png",
			"type": "image",
			"name": "goods_9_png"
		},
		{
			"url": "assets/Texture/goods/goods_11.png",
			"type": "image",
			"name": "goods_11_png"
		},
		{
			"url": "assets/Texture/goods/goods_12.png",
			"type": "image",
			"name": "goods_12_png"
		},
		{
			"url": "assets/Texture/goods/goods_13.png",
			"type": "image",
			"name": "goods_13_png"
		},
		{
			"url": "assets/Texture/goods/goods_14.png",
			"type": "image",
			"name": "goods_14_png"
		},
		{
			"url": "assets/Texture/goods/goods_16.png",
			"type": "image",
			"name": "goods_16_png"
		},
		{
			"url": "assets/Texture/goods/goods_15.png",
			"type": "image",
			"name": "goods_15_png"
		},
		{
			"url": "assets/Texture/goods/goods_17.png",
			"type": "image",
			"name": "goods_17_png"
		},
		{
			"url": "assets/Texture/goods/goods_19.png",
			"type": "image",
			"name": "goods_19_png"
		},
		{
			"url": "assets/Texture/goods/goods_18.png",
			"type": "image",
			"name": "goods_18_png"
		},
		{
			"url": "assets/Texture/goods/goods_20.png",
			"type": "image",
			"name": "goods_20_png"
		},
		{
			"url": "assets/Texture/goods/goods_22.png",
			"type": "image",
			"name": "goods_22_png"
		},
		{
			"url": "assets/Texture/goods/goods_23.png",
			"type": "image",
			"name": "goods_23_png"
		},
		{
			"url": "assets/Texture/goods/goods_24.png",
			"type": "image",
			"name": "goods_24_png"
		},
		{
			"url": "assets/Texture/goods/goods_26.png",
			"type": "image",
			"name": "goods_26_png"
		},
		{
			"url": "assets/Texture/goods/goods_27.png",
			"type": "image",
			"name": "goods_27_png"
		},
		{
			"url": "assets/Texture/goods/goods_28.png",
			"type": "image",
			"name": "goods_28_png"
		},
		{
			"url": "assets/Texture/goods/goods_29.png",
			"type": "image",
			"name": "goods_29_png"
		},
		{
			"url": "assets/Texture/goods/goods_32.png",
			"type": "image",
			"name": "goods_32_png"
		},
		{
			"url": "assets/Texture/goods/goods_33.png",
			"type": "image",
			"name": "goods_33_png"
		},
		{
			"url": "assets/Texture/goods/goods_34.png",
			"type": "image",
			"name": "goods_34_png"
		},
		{
			"url": "assets/Texture/goods/goods_35.png",
			"type": "image",
			"name": "goods_35_png"
		},
		{
			"url": "assets/Texture/goods/goods_36.png",
			"type": "image",
			"name": "goods_36_png"
		},
		{
			"url": "assets/Texture/goods/goods_37.png",
			"type": "image",
			"name": "goods_37_png"
		},
		{
			"url": "assets/Texture/goods/goods_99926.png",
			"type": "image",
			"name": "goods_99926_png"
		},
		{
			"url": "assets/Texture/goods/goods_1.png",
			"type": "image",
			"name": "goods_1_png"
		},
		{
			"url": "assets/Texture/goods/goods_6.png",
			"type": "image",
			"name": "goods_6_png"
		},
		{
			"url": "assets/Texture/common/common_bg_icon2.png",
			"type": "image",
			"name": "common_bg_icon2_png"
		},
		{
			"url": "assets/Texture/common/common_bg_icon1.png",
			"type": "image",
			"name": "common_bg_icon1_png"
		},
		{
			"url": "assets/Texture/common/common_bg_icon3.png",
			"type": "image",
			"name": "common_bg_icon3_png"
		},
		{
			"url": "assets/Texture/common/common_bg_icon4.png",
			"type": "image",
			"name": "common_bg_icon4_png"
		},
		{
			"url": "assets/Texture/common/common_bg_icon5.png",
			"type": "image",
			"name": "common_bg_icon5_png"
		},
		{
			"url": "assets/Texture/common/common_bg_icon6.png",
			"type": "image",
			"name": "common_bg_icon6_png"
		},
		{
			"url": "assets/Texture/common/common_bg_icon7.png",
			"type": "image",
			"name": "common_bg_icon7_png"
		},
		{
			"url": "assets/Texture/common/common_btn.png",
			"type": "image",
			"name": "common_btn_png"
		},
		{
			"url": "assets/Texture/common/common_btn1.png",
			"type": "image",
			"name": "common_btn1_png"
		},
		{
			"url": "assets/Texture/common/common_close_btn.png",
			"type": "image",
			"name": "common_close_btn_png"
		},
		{
			"url": "assets/Texture/common/common_icon_bg.png",
			"type": "image",
			"name": "common_icon_bg_png"
		},
		{
			"url": "assets/Texture/common/common_btn2.png",
			"type": "image",
			"name": "common_btn2_png"
		},
		{
			"url": "assets/Texture/common/common_lock_icon.png",
			"type": "image",
			"name": "common_lock_icon_png"
		},
		{
			"url": "assets/Texture/common/common_panel_bg1.png",
			"type": "image",
			"name": "common_panel_bg1_png"
		},
		{
			"url": "assets/Texture/common/common_panel_bg.png",
			"type": "image",
			"name": "common_panel_bg_png"
		},
		{
			"url": "assets/Texture/common/common_point_icon.png",
			"type": "image",
			"name": "common_point_icon_png"
		},
		{
			"url": "assets/Texture/common/common_back_btn.png",
			"type": "image",
			"name": "common_back_btn_png"
		},
		{
			"url": "assets/Texture/common/common_point_icon1.png",
			"type": "image",
			"name": "common_point_icon1_png"
		},
		{
			"url": "assets/Texture/common/common_tip_icon.png",
			"type": "image",
			"name": "common_tip_icon_png"
		},
		{
			"url": "assets/Texture/common/common_back_icon.png",
			"type": "image",
			"name": "common_back_icon_png"
		},
		{
			"url": "assets/Texture/common/common_bar_pro.png",
			"type": "image",
			"name": "common_bar_pro_png"
		},
		{
			"url": "assets/Texture/common/common_bar_bg.png",
			"type": "image",
			"name": "common_bar_bg_png"
		},
		{
			"url": "assets/Texture/weapon/weapon_bg_title_2.png",
			"type": "image",
			"name": "weapon_bg_title_2_png"
		},
		{
			"url": "assets/Texture/weapon/weapon_bg.png",
			"type": "image",
			"name": "weapon_bg_png"
		},
		{
			"url": "assets/Texture/weapon/weapon_bg1.png",
			"type": "image",
			"name": "weapon_bg1_png"
		},
		{
			"url": "assets/Texture/weapon/weapon_bg_title_1.png",
			"type": "image",
			"name": "weapon_bg_title_1_png"
		},
		{
			"url": "assets/Texture/weapon/weapon_head_title.png",
			"type": "image",
			"name": "weapon_head_title_png"
		},
		{
			"url": "assets/Texture/weapon/weapon_head_bg1.png",
			"type": "image",
			"name": "weapon_head_bg1_png"
		},
		{
			"url": "assets/Texture/weapon/weapon_head_bg.png",
			"type": "image",
			"name": "weapon_head_bg_png"
		},
		{
			"url": "assets/Texture/weapon/weapon_img1.png",
			"type": "image",
			"name": "weapon_img1_png"
		},
		{
			"url": "assets/Texture/weapon/weapon_img3.png",
			"type": "image",
			"name": "weapon_img3_png"
		},
		{
			"url": "assets/Texture/weapon/weapon_img2.png",
			"type": "image",
			"name": "weapon_img2_png"
		},
		{
			"url": "assets/Texture/weapon/weapon_lock.png",
			"type": "image",
			"name": "weapon_lock_png"
		},
		{
			"url": "assets/Texture/weapon/weapon_new_icon.png",
			"type": "image",
			"name": "weapon_new_icon_png"
		},
		{
			"url": "assets/Texture/weapon/weapon_status_title.png",
			"type": "image",
			"name": "weapon_status_title_png"
		},
		{
			"url": "assets/Texture/weapon/weapon_title.png",
			"type": "image",
			"name": "weapon_title_png"
		},
		{
			"url": "assets/Texture/weapon/weapon_img4.png",
			"type": "image",
			"name": "weapon_img4_png"
		},
		{
			"url": "assets/Texture/weapon/weapon_title_2.png",
			"type": "image",
			"name": "weapon_title_2_png"
		},
		{
			"url": "assets/Texture/weapon/weapon_title_3.png",
			"type": "image",
			"name": "weapon_title_3_png"
		},
		{
			"url": "assets/Texture/weapon/weapon_title_4.png",
			"type": "image",
			"name": "weapon_title_4_png"
		},
		{
			"url": "assets/Texture/weapon/weapon_title_1.png",
			"type": "image",
			"name": "weapon_title_1_png"
		},
		{
			"url": "assets/Texture/weapon/head_icon2.png",
			"type": "image",
			"name": "head_icon2_png"
		},
		{
			"url": "assets/Texture/weapon/head_icon1.png",
			"type": "image",
			"name": "head_icon1_png"
		},
		{
			"url": "assets/Texture/weapon/head_icon3.png",
			"type": "image",
			"name": "head_icon3_png"
		},
		{
			"url": "assets/Texture/weapon/head_icon4.png",
			"type": "image",
			"name": "head_icon4_png"
		},
		{
			"url": "assets/Texture/mission/mission_bg.png",
			"type": "image",
			"name": "mission_bg_png"
		},
		{
			"url": "assets/Texture/mission/mission_bg_black.png",
			"type": "image",
			"name": "mission_bg_black_png"
		},
		{
			"url": "assets/Texture/mission/mission_btn.png",
			"type": "image",
			"name": "mission_btn_png"
		},
		{
			"url": "assets/Texture/mission/mission_down.png",
			"type": "image",
			"name": "mission_down_png"
		},
		{
			"url": "assets/Texture/mission/mission_title.png",
			"type": "image",
			"name": "mission_title_png"
		},
		{
			"url": "assets/Texture/mission/mission_bg1.png",
			"type": "image",
			"name": "mission_bg1_png"
		},
		{
			"url": "assets/Texture/mission/mission_bg2.png",
			"type": "image",
			"name": "mission_bg2_png"
		},
		{
			"url": "assets/Texture/pvp/pvp_head_2.png",
			"type": "image",
			"name": "pvp_head_2_png"
		},
		{
			"url": "assets/Texture/pvp/pvp_head_bg2.png",
			"type": "image",
			"name": "pvp_head_bg2_png"
		},
		{
			"url": "assets/Texture/pvp/pvp_lv_img.png",
			"type": "image",
			"name": "pvp_lv_img_png"
		},
		{
			"url": "assets/Texture/pvp/pvp_head_bg1.png",
			"type": "image",
			"name": "pvp_head_bg1_png"
		},
		{
			"url": "assets/Texture/pvp/pvp_title.png",
			"type": "image",
			"name": "pvp_title_png"
		},
		{
			"url": "assets/Texture/pvp/pvp_bg.png",
			"type": "image",
			"name": "pvp_bg_png"
		},
		{
			"url": "assets/Texture/pvp/pvp_top_bg.png",
			"type": "image",
			"name": "pvp_top_bg_png"
		},
		{
			"url": "assets/Texture/pvp/pvp_btn.png",
			"type": "image",
			"name": "pvp_btn_png"
		},
		{
			"url": "assets/Texture/pvp/pvp_head_1.png",
			"type": "image",
			"name": "pvp_head_1_png"
		},
		{
			"url": "assets/Texture/common/common_bg_icon.png",
			"type": "image",
			"name": "common_bg_icon_png"
		},
		{
			"url": "assets/anqi_xj_03.json",
			"type": "json",
			"name": "anqi_xj_032_json"
		},
		{
			"url": "assets/Texture/common/guide_arrow.png",
			"type": "image",
			"name": "guide_arrow_png"
		},
		{
			"url": "assets/Texture/common/common_bg_tips.png",
			"type": "image",
			"name": "common_bg_tips_png"
		},
		{
			"url": "assets/Images/loginBg.png",
			"type": "image",
			"name": "loginBg_png"
		},
		{
			"url": "assets/Texture/load/load_bar_point.png",
			"type": "image",
			"name": "load_bar_point_png"
		},
		{
			"url": "assets/Texture/load/load_bg1.png",
			"type": "image",
			"name": "load_bg1_png"
		},
		{
			"url": "assets/Texture/load/load_bar_pro.png",
			"type": "image",
			"name": "load_bar_pro_png"
		},
		{
			"url": "assets/Texture/load/load_bg2.png",
			"type": "image",
			"name": "load_bg2_png"
		},
		{
			"url": "assets/Texture/load/load_bar_bg1.png",
			"type": "image",
			"name": "load_bar_bg1_png"
		},
		{
			"url": "assets/Texture/load/load_bar_bg.png",
			"type": "image",
			"name": "load_bar_bg_png"
		},
		{
			"url": "assets/Images/loginBg1.png",
			"type": "image",
			"name": "loginBg1_png"
		},
		{
			"url": "assets/Texture/welcom/welcom_bg.png",
			"type": "image",
			"name": "welcom_bg_png"
		},
		{
			"url": "assets/Texture/welcom/welcom_button.png",
			"type": "image",
			"name": "welcom_button_png"
		},
		{
			"url": "assets/Texture/mainTop/mainTop_bg3.png",
			"type": "image",
			"name": "mainTop_bg3_png"
		},
		{
			"url": "assets/Texture/mainTop/mainTop_bg4.png",
			"type": "image",
			"name": "mainTop_bg4_png"
		},
		{
			"url": "assets/Texture/mainTop/mainTop_fight_bg.png",
			"type": "image",
			"name": "mainTop_fight_bg_png"
		},
		{
			"url": "assets/Texture/mainTop/mainTop_head_img.png",
			"type": "image",
			"name": "mainTop_head_img_png"
		},
		{
			"url": "assets/Texture/mainTop/mainTop_name_bg.png",
			"type": "image",
			"name": "mainTop_name_bg_png"
		},
		{
			"url": "assets/Texture/mainTop/mainTop_head_bg.png",
			"type": "image",
			"name": "mainTop_head_bg_png"
		},
		{
			"url": "assets/Texture/mainTop/mainTop_num_0.png",
			"type": "image",
			"name": "mainTop_num_0_png"
		},
		{
			"url": "assets/Texture/mainTop/mainTop_money1.png",
			"type": "image",
			"name": "mainTop_money1_png"
		},
		{
			"url": "assets/Texture/mainTop/mainTop_num_2.png",
			"type": "image",
			"name": "mainTop_num_2_png"
		},
		{
			"url": "assets/Texture/mainTop/mainTop_num_3.png",
			"type": "image",
			"name": "mainTop_num_3_png"
		},
		{
			"url": "assets/Texture/mainTop/mainTop_num_1.png",
			"type": "image",
			"name": "mainTop_num_1_png"
		},
		{
			"url": "assets/Texture/mainTop/mainTop_num_4.png",
			"type": "image",
			"name": "mainTop_num_4_png"
		},
		{
			"url": "assets/Texture/mainTop/mainTop_num_5.png",
			"type": "image",
			"name": "mainTop_num_5_png"
		},
		{
			"url": "assets/Texture/mainTop/mainTop_num_6.png",
			"type": "image",
			"name": "mainTop_num_6_png"
		},
		{
			"url": "assets/Texture/mainTop/mainTop_num_7.png",
			"type": "image",
			"name": "mainTop_num_7_png"
		},
		{
			"url": "assets/Texture/mainTop/mainTop_num_8.png",
			"type": "image",
			"name": "mainTop_num_8_png"
		},
		{
			"url": "assets/Texture/mainTop/mainTop_num_9.png",
			"type": "image",
			"name": "mainTop_num_9_png"
		},
		{
			"url": "assets/Texture/mainTop/mainTop_power_img.png",
			"type": "image",
			"name": "mainTop_power_img_png"
		},
		{
			"url": "assets/Texture/mainTop/mainTop_bg_img1.png",
			"type": "image",
			"name": "mainTop_bg_img1_png"
		},
		{
			"url": "assets/Texture/mainTop/mainTop_money2.png",
			"type": "image",
			"name": "mainTop_money2_png"
		},
		{
			"url": "assets/Texture/mission/mission_result_bg.png",
			"type": "image",
			"name": "mission_result_bg_png"
		},
		{
			"url": "assets/Texture/mission/mission_result_btn.png",
			"type": "image",
			"name": "mission_result_btn_png"
		},
		{
			"url": "assets/Texture/mission/mission_result_icon_bg.png",
			"type": "image",
			"name": "mission_result_icon_bg_png"
		},
		{
			"name": "wuHun_bg_head1_png",
			"type": "image",
			"url": "assets/Texture/wuHun/wuHun_bg_head1.png"
		},
		{
			"name": "common_btn3_png",
			"type": "image",
			"url": "assets/Texture/common/common_btn3.png"
		},
		{
			"name": "common_btn4_png",
			"type": "image",
			"url": "assets/Texture/common/common_btn4.png"
		},
		{
			"name": "common_close_btn1_png",
			"type": "image",
			"url": "assets/Texture/common/common_close_btn1.png"
		}
	]
}