{"frames": [

{
	"filename": "1-5-0.png",
	"frame": {"x":2,"y":2,"w":74,"h":104},
	"rotated": true,
	"trimmed": true,
	"spriteSourceSize": {"x":220,"y":159,"w":74,"h":104},
	"sourceSize": {"w":500,"h":500}
},
{
	"filename": "1-5-1.png",
	"frame": {"x":108,"y":2,"w":74,"h":100},
	"rotated": true,
	"trimmed": true,
	"spriteSourceSize": {"x":220,"y":163,"w":74,"h":100},
	"sourceSize": {"w":500,"h":500}
}],
"meta": {
	"app": "http://www.texturepacker.com",
	"version": "1.0",
	"image": "5.png",
	"format": "RGBA8888",
	"size": {"w":210,"h":78},
	"scale": "1",
	"smartupdate": "$TexturePacker:SmartUpdate:abd70af9e19357a7c0c172a7b2491d05$"
}
}
