{"cfgs":{"allTime":830,"blendMode":"normal","effectFrame":0,"effectTime":0,"horseY":0,"inter":[83,83,83,83,83,83,83,83,83,83],"offset":{"90":[[-59,63],[-58,63],[-60,65],[-65,66],[-83,63],[-79,58],[-80,44],[-84,20],[-88,-6],[-18,92]]},"offsetX":0,"offsetY":"0","playTime":1000,"releaseFrame":0,"releaseTime":0,"repeatPlay":false,"rotate360":false,"scale":1},"frames":{"90_0.png":{"frame":{"h":123,"w":120,"x":0,"y":670}},"90_1.png":{"frame":{"h":119,"w":119,"x":0,"y":794}},"90_2.png":{"frame":{"h":116,"w":121,"x":121,"y":670}},"90_3.png":{"frame":{"h":123,"w":134,"x":169,"y":500}},"90_4.png":{"frame":{"h":169,"w":168,"x":0,"y":500}},"90_5.png":{"frame":{"h":191,"w":158,"x":164,"y":286}},"90_6.png":{"frame":{"h":213,"w":163,"x":0,"y":286}},"90_7.png":{"frame":{"h":247,"w":172,"x":181,"y":0}},"90_8.png":{"frame":{"h":285,"w":180,"x":0,"y":0}},"90_9.png":{"frame":{"h":58,"w":37,"x":304,"y":500}}},"meta":{"image":"anqi_lxz_03.png"}}