{"frames": [

{
	"filename": "1-5-0.png",
	"frame": {"x":90,"y":2,"w":86,"h":100},
	"rotated": false,
	"trimmed": true,
	"spriteSourceSize": {"x":201,"y":160,"w":86,"h":100},
	"sourceSize": {"w":500,"h":500}
},
{
	"filename": "1-5-1.png",
	"frame": {"x":2,"y":2,"w":86,"h":100},
	"rotated": false,
	"trimmed": true,
	"spriteSourceSize": {"x":203,"y":159,"w":86,"h":100},
	"sourceSize": {"w":500,"h":500}
}],
"meta": {
	"app": "http://www.texturepacker.com",
	"version": "1.0",
	"image": "5.png",
	"format": "RGBA8888",
	"size": {"w":178,"h":104},
	"scale": "1",
	"smartupdate": "$TexturePacker:SmartUpdate:1eec5cb3495fd5054f28a4b97008f83d$"
}
}
