{"frames": [

{
	"filename": "3-5-0.png",
	"frame": {"x":666,"y":560,"w":228,"h":262},
	"rotated": false,
	"trimmed": true,
	"spriteSourceSize": {"x":285,"y":138,"w":228,"h":262},
	"sourceSize": {"w":800,"h":800}
},
{
	"filename": "3-5-1.png",
	"frame": {"x":406,"y":560,"w":258,"h":272},
	"rotated": false,
	"trimmed": true,
	"spriteSourceSize": {"x":270,"y":139,"w":258,"h":272},
	"sourceSize": {"w":800,"h":800}
},
{
	"filename": "3-5-2.png",
	"frame": {"x":524,"y":2,"w":272,"h":314},
	"rotated": true,
	"trimmed": true,
	"spriteSourceSize": {"x":245,"y":97,"w":272,"h":314},
	"sourceSize": {"w":800,"h":800}
},
{
	"filename": "3-5-3.png",
	"frame": {"x":2,"y":428,"w":436,"h":402},
	"rotated": true,
	"trimmed": true,
	"spriteSourceSize": {"x":108,"y":9,"w":436,"h":402},
	"sourceSize": {"w":800,"h":800}
},
{
	"filename": "3-5-4.png",
	"frame": {"x":2,"y":2,"w":520,"h":424},
	"rotated": false,
	"trimmed": true,
	"spriteSourceSize": {"x":108,"y":9,"w":520,"h":424},
	"sourceSize": {"w":800,"h":800}
},
{
	"filename": "3-5-5.png",
	"frame": {"x":524,"y":276,"w":288,"h":282},
	"rotated": false,
	"trimmed": true,
	"spriteSourceSize": {"x":224,"y":134,"w":288,"h":282},
	"sourceSize": {"w":800,"h":800}
}],
"meta": {
	"app": "http://www.texturepacker.com",
	"version": "1.0",
	"image": "5.png",
	"format": "RGBA8888",
	"size": {"w":896,"h":896},
	"scale": "1",
	"smartupdate": "$TexturePacker:SmartUpdate:0c797433d520a21bd5c8e8c0d3aa44bc$"
}
}
