{"frames": [

{
	"filename": "1.png",
	"frame": {"x":2,"y":2,"w":462,"h":412},
	"rotated": false,
	"trimmed": true,
	"spriteSourceSize": {"x":15,"y":0,"w":462,"h":412},
	"sourceSize": {"w":500,"h":500}
},
{
	"filename": "2.png",
	"frame": {"x":216,"y":696,"w":214,"h":178},
	"rotated": false,
	"trimmed": true,
	"spriteSourceSize": {"x":123,"y":153,"w":214,"h":178},
	"sourceSize": {"w":500,"h":500}
},
{
	"filename": "3.png",
	"frame": {"x":216,"y":876,"w":176,"h":134},
	"rotated": false,
	"trimmed": true,
	"spriteSourceSize": {"x":160,"y":175,"w":176,"h":134},
	"sourceSize": {"w":500,"h":500}
},
{
	"filename": "4.png",
	"frame": {"x":2,"y":416,"w":454,"h":278},
	"rotated": false,
	"trimmed": true,
	"spriteSourceSize": {"x":8,"y":116,"w":454,"h":278},
	"sourceSize": {"w":500,"h":500}
},
{
	"filename": "5.png",
	"frame": {"x":2,"y":696,"w":258,"h":212},
	"rotated": true,
	"trimmed": true,
	"spriteSourceSize": {"x":108,"y":117,"w":258,"h":212},
	"sourceSize": {"w":500,"h":500}
}],
"meta": {
	"app": "http://www.texturepacker.com",
	"version": "1.0",
	"image": "1.png",
	"format": "RGBA8888",
	"size": {"w":466,"h":1012},
	"scale": "1",
	"smartupdate": "$TexturePacker:SmartUpdate:c1514dc75b9b4524e97b72049927c81d$"
}
}
