{"frames": [

{
	"filename": "3-5-0.png",
	"frame": {"x":116,"y":136,"w":90,"h":100},
	"rotated": false,
	"trimmed": true,
	"spriteSourceSize": {"x":204,"y":160,"w":90,"h":100},
	"sourceSize": {"w":500,"h":500}
},
{
	"filename": "3-5-1.png",
	"frame": {"x":170,"y":2,"w":78,"h":110},
	"rotated": false,
	"trimmed": true,
	"spriteSourceSize": {"x":213,"y":151,"w":78,"h":110},
	"sourceSize": {"w":500,"h":500}
},
{
	"filename": "3-5-2.png",
	"frame": {"x":98,"y":238,"w":84,"h":110},
	"rotated": true,
	"trimmed": true,
	"spriteSourceSize": {"x":207,"y":151,"w":84,"h":110},
	"sourceSize": {"w":500,"h":500}
},
{
	"filename": "3-5-3.png",
	"frame": {"x":2,"y":238,"w":86,"h":94},
	"rotated": true,
	"trimmed": true,
	"spriteSourceSize": {"x":211,"y":166,"w":86,"h":94},
	"sourceSize": {"w":500,"h":500}
},
{
	"filename": "3-5-4.png",
	"frame": {"x":2,"y":136,"w":112,"h":100},
	"rotated": false,
	"trimmed": true,
	"spriteSourceSize": {"x":195,"y":168,"w":112,"h":100},
	"sourceSize": {"w":500,"h":500}
},
{
	"filename": "3-5-5.png",
	"frame": {"x":2,"y":2,"w":166,"h":132},
	"rotated": false,
	"trimmed": true,
	"spriteSourceSize": {"x":164,"y":166,"w":166,"h":132},
	"sourceSize": {"w":500,"h":500}
}],
"meta": {
	"app": "http://www.texturepacker.com",
	"version": "1.0",
	"image": "5.png",
	"format": "RGBA8888",
	"size": {"w":250,"h":326},
	"scale": "1",
	"smartupdate": "$TexturePacker:SmartUpdate:eef4ea311b7d3971bf5a51bd316af252$"
}
}
