{"frames": [

{
	"filename": "1-5-0.png",
	"frame": {"x":264,"y":214,"w":210,"h":260},
	"rotated": false,
	"trimmed": true,
	"spriteSourceSize": {"x":290,"y":143,"w":210,"h":260},
	"sourceSize": {"w":800,"h":800}
},
{
	"filename": "1-5-1.png",
	"frame": {"x":214,"y":2,"w":210,"h":260},
	"rotated": true,
	"trimmed": true,
	"spriteSourceSize": {"x":291,"y":143,"w":210,"h":260},
	"sourceSize": {"w":800,"h":800}
},
{
	"filename": "1-5-2.png",
	"frame": {"x":2,"y":264,"w":210,"h":260},
	"rotated": true,
	"trimmed": true,
	"spriteSourceSize": {"x":290,"y":143,"w":210,"h":260},
	"sourceSize": {"w":800,"h":800}
},
{
	"filename": "1-5-3.png",
	"frame": {"x":2,"y":2,"w":210,"h":260},
	"rotated": false,
	"trimmed": true,
	"spriteSourceSize": {"x":289,"y":143,"w":210,"h":260},
	"sourceSize": {"w":800,"h":800}
}],
"meta": {
	"app": "http://www.texturepacker.com",
	"version": "1.0",
	"image": "5.png",
	"format": "RGBA8888",
	"size": {"w":476,"h":476},
	"scale": "1",
	"smartupdate": "$TexturePacker:SmartUpdate:f9a208f5af20914d597d6a073f599e15$"
}
}
