{"frames": [

{
	"filename": "1-1-0.png",
	"frame": {"x":2,"y":2,"w":80,"h":84},
	"rotated": true,
	"trimmed": true,
	"spriteSourceSize": {"x":203,"y":182,"w":80,"h":84},
	"sourceSize": {"w":500,"h":500}
},
{
	"filename": "1-1-1.png",
	"frame": {"x":2,"y":84,"w":80,"h":82},
	"rotated": true,
	"trimmed": true,
	"spriteSourceSize": {"x":201,"y":183,"w":80,"h":82},
	"sourceSize": {"w":500,"h":500}
}],
"meta": {
	"app": "http://www.texturepacker.com",
	"version": "1.0",
	"image": "1.png",
	"format": "RGBA8888",
	"size": {"w":128,"h":256},
	"scale": "1",
	"smartupdate": "$TexturePacker:SmartUpdate:e61cfe01c00896392664fca1bc494142$"
}
}
