{"cfgs":{"allTime":581,"blendMode":"normal","effectFrame":0,"effectTime":0,"horseY":0,"inter":[83,83,83,83,83,83,83],"offset":{"90":[[-81,44],[-108,17],[-151,-31],[-151,-52],[-128,-71],[-104,-77],[-98,-68]]},"offsetX":0,"offsetY":"0","playTime":1000,"releaseFrame":0,"releaseTime":0,"repeatPlay":false,"rotate360":false,"scale":1},"frames":{"90_0.png":{"frame":{"h":157,"w":163,"x":511,"y":345}},"90_1.png":{"frame":{"h":240,"w":214,"x":296,"y":345}},"90_2.png":{"frame":{"h":302,"w":295,"x":0,"y":345}},"90_3.png":{"frame":{"h":323,"w":298,"x":510,"y":0}},"90_4.png":{"frame":{"h":344,"w":256,"x":0,"y":0}},"90_5.png":{"frame":{"h":334,"w":210,"x":299,"y":0}},"90_6.png":{"frame":{"h":317,"w":201,"x":809,"y":0}}},"meta":{"image":"anqi_lxz_02.png"}}