{"cfgs":{"allTime":1660,"blendMode":"normal","effectFrame":0,"effectTime":0,"horseY":0,"inter":[83,83,83,83,83,83,83,83,83,83,83,83,83,83,83,83,83,83,83,83],"offset":{"90":[[-101,253],[-83,163],[-56,60],[-57,69],[-57,69],[-57,69],[-57,69],[-57,69],[-60,69],[-57,28],[-62,20],[-76,20],[-76,20],[-82,23],[-82,20],[-96,78],[-80,16],[-81,23],[-80,25],[-79,26]]},"offsetX":0,"offsetY":"0","playTime":1000,"releaseFrame":0,"releaseTime":0,"repeatPlay":false,"rotate360":false,"scale":1},"frames":{"90_0.png":{"frame":{"h":76,"w":86,"x":554,"y":254}},"90_1.png":{"frame":{"h":136,"w":99,"x":454,"y":0}},"90_10.png":{"frame":{"h":175,"w":124,"x":0,"y":666}},"90_11.png":{"frame":{"h":182,"w":143,"x":152,"y":459}},"90_12.png":{"frame":{"h":182,"w":143,"x":296,"y":459}},"90_13.png":{"frame":{"h":206,"w":151,"x":0,"y":459}},"90_14.png":{"frame":{"h":226,"w":151,"x":0,"y":232}},"90_15.png":{"frame":{"h":231,"w":152,"x":0,"y":0}},"90_16.png":{"frame":{"h":224,"w":151,"x":153,"y":0}},"90_17.png":{"frame":{"h":223,"w":150,"x":153,"y":225}},"90_18.png":{"frame":{"h":220,"w":148,"x":305,"y":0}},"90_19.png":{"frame":{"h":218,"w":146,"x":305,"y":221}},"90_2.png":{"frame":{"h":142,"w":98,"x":260,"y":666}},"90_3.png":{"frame":{"h":126,"w":100,"x":554,"y":0}},"90_4.png":{"frame":{"h":126,"w":100,"x":343,"y":842}},"90_5.png":{"frame":{"h":126,"w":100,"x":554,"y":127}},"90_6.png":{"frame":{"h":126,"w":100,"x":242,"y":842}},"90_7.png":{"frame":{"h":126,"w":100,"x":141,"y":842}},"90_8.png":{"frame":{"h":126,"w":140,"x":0,"y":842}},"90_9.png":{"frame":{"h":167,"w":134,"x":125,"y":666}}},"meta":{"image":"anqi_xj_03.png"}}