{"frames": [

{
	"filename": "11.png",
	"frame": {"x":2,"y":2,"w":38,"h":102},
	"rotated": false,
	"trimmed": true,
	"spriteSourceSize": {"x":231,"y":220,"w":38,"h":102},
	"sourceSize": {"w":500,"h":500}
},
{
	"filename": "12.png",
	"frame": {"x":2,"y":2,"w":38,"h":102},
	"rotated": false,
	"trimmed": true,
	"spriteSourceSize": {"x":231,"y":220,"w":38,"h":102},
	"sourceSize": {"w":500,"h":500}
}],
"meta": {
	"app": "http://www.texturepacker.com",
	"version": "1.0",
	"image": "1.png",
	"format": "RGBA8888",
	"size": {"w":64,"h":128},
	"scale": "1",
	"smartupdate": "$TexturePacker:SmartUpdate:cda073fa9f5a959e8aad9946d94918a9$"
}
}
