{
    "cfgs": {
        "allTime": 1411,
        "blendMode": "normal",
        "effectFrame": 0,
        "effectTime": 0,
        "horseY": 0,
        "inter": [
            83,
            83,
            83,
            83,
            83,
            83,
            83,
            83,
            83,
            83,
            83,
            83,
            83,
            83,
            83,
            83,
            83
        ],
        "offset": {
            "90": [
                [
                    -64,
                    67
                ],
                [
                    -75,
                    66
                ],
                [
                    -97,
                    14
                ],
                [
                    -98,
                    21
                ],
                [
                    -96,
                    19
                ],
                [
                    -97,
                    16
                ],
                [
                    -98,
                    14
                ],
                [
                    -100,
                    17
                ],
                [
                    -103,
                    14
                ],
                [
                    -100,
                    17
                ],
                [
                    -1,
                    127
                ],
                [
                    -134,
                    -16
                ],
                [
                    -153,
                    -58
                ],
                [
                    -153,
                    -58
                ],
                [
                    -152,
                    -40
                ],
                [
                    -78,
                    31
                ],
                [
                    0,
                    0
                ]
            ]
        },
        "offsetX": 0,
        "offsetY": "0",
        "playTime": 1000,
        "releaseFrame": 0,
        "releaseTime": 0,
        "repeatPlay": false,
        "rotate360": false,
        "scale": 1
    },
    "frames": {
        "90_0.png": {
            "frame": {
                "h": 122,
                "w": 134,
                "x": 395,
                "y": 783
            }
        },
        "90_1.png": {
            "frame": {
                "h": 128,
                "w": 160,
                "x": 731,
                "y": 576
            }
        },
        "90_10.png": {
            "frame": {
                "h": 2,
                "w": 2,
                "x": 618,
                "y": 291
            }
        },
        "90_11.png": {
            "frame": {
                "h": 266,
                "w": 262,
                "x": 0,
                "y": 309
            }
        },
        "90_12.png": {
            "frame": {
                "h": 308,
                "w": 308,
                "x": 309,
                "y": 0
            }
        },
        "90_13.png": {
            "frame": {
                "h": 308,
                "w": 308,
                "x": 0,
                "y": 0
            }
        },
        "90_14.png": {
            "frame": {
                "h": 290,
                "w": 284,
                "x": 618,
                "y": 0
            }
        },
        "90_15.png": {
            "frame": {
                "h": 176,
                "w": 123,
                "x": 607,
                "y": 576
            }
        },
        "90_2.png": {
            "frame": {
                "h": 200,
                "w": 195,
                "x": 199,
                "y": 783
            }
        },
        "90_3.png": {
            "frame": {
                "h": 196,
                "w": 203,
                "x": 403,
                "y": 576
            }
        },
        "90_4.png": {
            "frame": {
                "h": 202,
                "w": 198,
                "x": 0,
                "y": 783
            }
        },
        "90_5.png": {
            "frame": {
                "h": 205,
                "w": 198,
                "x": 204,
                "y": 576
            }
        },
        "90_6.png": {
            "frame": {
                "h": 206,
                "w": 203,
                "x": 0,
                "y": 576
            }
        },
        "90_7.png": {
            "frame": {
                "h": 203,
                "w": 207,
                "x": 472,
                "y": 309
            }
        },
        "90_8.png": {
            "frame": {
                "h": 204,
                "w": 208,
                "x": 263,
                "y": 309
            }
        },
        "90_9.png": {
            "frame": {
                "h": 198,
                "w": 203,
                "x": 680,
                "y": 309
            }
        }
    },
    "meta": {
        "image": "anqi_xj_01.png"
    }
}