{"file":"menubar.png","frames":{
"menubar_bag_png":{"x":3,"y":107,"w":99,"h":90,"offX":0,"offY":0,"sourceW":99,"sourceH":90},
"menubar_fight_png":{"x":3,"y":3,"w":98,"h":98,"offX":0,"offY":0,"sourceW":98,"sourceH":98},
"menubar_pvp_png":{"x":211,"y":94,"w":91,"h":90,"offX":0,"offY":0,"sourceW":91,"sourceH":90},
"menubar_weapon_png":{"x":107,"y":3,"w":100,"h":85,"offX":0,"offY":0,"sourceW":100,"sourceH":85},
"menubar_wuHun_png_png":{"x":108,"y":94,"w":97,"h":86,"offX":0,"offY":0,"sourceW":97,"sourceH":86}}}