{"frames": [

{
	"filename": "2-5-0.png",
	"frame": {"x":356,"y":2,"w":86,"h":100},
	"rotated": false,
	"trimmed": true,
	"spriteSourceSize": {"x":201,"y":160,"w":86,"h":100},
	"sourceSize": {"w":500,"h":500}
},
{
	"filename": "2-5-1.png",
	"frame": {"x":2,"y":2,"w":88,"h":100},
	"rotated": false,
	"trimmed": true,
	"spriteSourceSize": {"x":198,"y":159,"w":88,"h":100},
	"sourceSize": {"w":500,"h":500}
},
{
	"filename": "2-5-2.png",
	"frame": {"x":268,"y":2,"w":86,"h":100},
	"rotated": false,
	"trimmed": true,
	"spriteSourceSize": {"x":203,"y":160,"w":86,"h":100},
	"sourceSize": {"w":500,"h":500}
},
{
	"filename": "2-5-3.png",
	"frame": {"x":180,"y":2,"w":86,"h":100},
	"rotated": false,
	"trimmed": true,
	"spriteSourceSize": {"x":203,"y":159,"w":86,"h":100},
	"sourceSize": {"w":500,"h":500}
},
{
	"filename": "2-5-4.png",
	"frame": {"x":92,"y":2,"w":86,"h":100},
	"rotated": false,
	"trimmed": true,
	"spriteSourceSize": {"x":203,"y":159,"w":86,"h":100},
	"sourceSize": {"w":500,"h":500}
}],
"meta": {
	"app": "http://www.texturepacker.com",
	"version": "1.0",
	"image": "5.png",
	"format": "RGBA8888",
	"size": {"w":444,"h":104},
	"scale": "1",
	"smartupdate": "$TexturePacker:SmartUpdate:6713050ae0d0e3db29b36ce5d142ccd7$"
}
}
