{"frames": [

{
	"filename": "1.png",
	"frame": {"x":2,"y":2,"w":110,"h":110},
	"rotated": false,
	"trimmed": true,
	"spriteSourceSize": {"x":194,"y":195,"w":110,"h":110},
	"sourceSize": {"w":500,"h":500}
},
{
	"filename": "2.png",
	"frame": {"x":114,"y":2,"w":102,"h":98},
	"rotated": true,
	"trimmed": true,
	"spriteSourceSize": {"x":198,"y":201,"w":102,"h":98},
	"sourceSize": {"w":500,"h":500}
},
{
	"filename": "3.png",
	"frame": {"x":214,"y":2,"w":60,"h":62},
	"rotated": false,
	"trimmed": true,
	"spriteSourceSize": {"x":220,"y":219,"w":60,"h":62},
	"sourceSize": {"w":500,"h":500}
}],
"meta": {
	"app": "http://www.texturepacker.com",
	"version": "1.0",
	"image": "1.png",
	"format": "RGBA8888",
	"size": {"w":276,"h":114},
	"scale": "1",
	"smartupdate": "$TexturePacker:SmartUpdate:ad1e8f31fd61db400cc090c81df3ebae$"
}
}
