{"frames": [

{
	"filename": "3-5-0.png",
	"frame": {"x":486,"y":2,"w":88,"h":102},
	"rotated": false,
	"trimmed": true,
	"spriteSourceSize": {"x":212,"y":161,"w":88,"h":102},
	"sourceSize": {"w":500,"h":500}
},
{
	"filename": "3-5-1.png",
	"frame": {"x":302,"y":2,"w":92,"h":104},
	"rotated": false,
	"trimmed": true,
	"spriteSourceSize": {"x":207,"y":159,"w":92,"h":104},
	"sourceSize": {"w":500,"h":500}
},
{
	"filename": "3-5-2.png",
	"frame": {"x":100,"y":2,"w":100,"h":104},
	"rotated": false,
	"trimmed": true,
	"spriteSourceSize": {"x":208,"y":159,"w":100,"h":104},
	"sourceSize": {"w":500,"h":500}
},
{
	"filename": "3-5-3.png",
	"frame": {"x":396,"y":2,"w":88,"h":102},
	"rotated": false,
	"trimmed": true,
	"spriteSourceSize": {"x":212,"y":161,"w":88,"h":102},
	"sourceSize": {"w":500,"h":500}
},
{
	"filename": "3-5-4.png",
	"frame": {"x":202,"y":2,"w":98,"h":104},
	"rotated": false,
	"trimmed": true,
	"spriteSourceSize": {"x":200,"y":159,"w":98,"h":104},
	"sourceSize": {"w":500,"h":500}
},
{
	"filename": "3-5-5.png",
	"frame": {"x":2,"y":2,"w":96,"h":106},
	"rotated": false,
	"trimmed": true,
	"spriteSourceSize": {"x":195,"y":157,"w":96,"h":106},
	"sourceSize": {"w":500,"h":500}
}],
"meta": {
	"app": "http://www.texturepacker.com",
	"version": "1.0",
	"image": "5.png",
	"format": "RGBA8888",
	"size": {"w":576,"h":110},
	"scale": "1",
	"smartupdate": "$TexturePacker:SmartUpdate:aefc3528a231e3e0612e169ce79a978a$"
}
}
