{"frames": [

{
	"filename": "2-5-0.png",
	"frame": {"x":2,"y":2,"w":122,"h":106},
	"rotated": false,
	"trimmed": true,
	"spriteSourceSize": {"x":197,"y":158,"w":122,"h":106},
	"sourceSize": {"w":500,"h":500}
},
{
	"filename": "2-5-1.png",
	"frame": {"x":342,"y":2,"w":90,"h":102},
	"rotated": false,
	"trimmed": true,
	"spriteSourceSize": {"x":209,"y":162,"w":90,"h":102},
	"sourceSize": {"w":500,"h":500}
},
{
	"filename": "2-5-2.png",
	"frame": {"x":126,"y":2,"w":122,"h":104},
	"rotated": false,
	"trimmed": true,
	"spriteSourceSize": {"x":197,"y":160,"w":122,"h":104},
	"sourceSize": {"w":500,"h":500}
},
{
	"filename": "2-5-3.png",
	"frame": {"x":250,"y":2,"w":90,"h":102},
	"rotated": false,
	"trimmed": true,
	"spriteSourceSize": {"x":209,"y":162,"w":90,"h":102},
	"sourceSize": {"w":500,"h":500}
}],
"meta": {
	"app": "http://www.texturepacker.com",
	"version": "1.0",
	"image": "5.png",
	"format": "RGBA8888",
	"size": {"w":434,"h":110},
	"scale": "1",
	"smartupdate": "$TexturePacker:SmartUpdate:9d24f090bfdda1fe46c456f0643c2cff$"
}
}
