{"frames": [

{
	"filename": "1-5-0.png",
	"frame": {"x":94,"y":2,"w":90,"h":100},
	"rotated": false,
	"trimmed": true,
	"spriteSourceSize": {"x":203,"y":160,"w":90,"h":100},
	"sourceSize": {"w":500,"h":500}
},
{
	"filename": "1-5-1.png",
	"frame": {"x":2,"y":2,"w":90,"h":100},
	"rotated": false,
	"trimmed": true,
	"spriteSourceSize": {"x":203,"y":160,"w":90,"h":100},
	"sourceSize": {"w":500,"h":500}
}],
"meta": {
	"app": "http://www.texturepacker.com",
	"version": "1.0",
	"image": "5.png",
	"format": "RGBA8888",
	"size": {"w":186,"h":104},
	"scale": "1",
	"smartupdate": "$TexturePacker:SmartUpdate:bba468456fd83f5bd829eae3237fa402$"
}
}
