{"frames": [

{
	"filename": "3-5-0.png",
	"frame": {"x":236,"y":2,"w":78,"h":102},
	"rotated": false,
	"trimmed": true,
	"spriteSourceSize": {"x":220,"y":162,"w":78,"h":102},
	"sourceSize": {"w":500,"h":500}
},
{
	"filename": "3-5-1.png",
	"frame": {"x":160,"y":2,"w":74,"h":108},
	"rotated": false,
	"trimmed": true,
	"spriteSourceSize": {"x":218,"y":156,"w":74,"h":108},
	"sourceSize": {"w":500,"h":500}
},
{
	"filename": "3-5-2.png",
	"frame": {"x":84,"y":2,"w":74,"h":108},
	"rotated": false,
	"trimmed": true,
	"spriteSourceSize": {"x":218,"y":156,"w":74,"h":108},
	"sourceSize": {"w":500,"h":500}
},
{
	"filename": "3-5-3.png",
	"frame": {"x":2,"y":2,"w":80,"h":108},
	"rotated": false,
	"trimmed": true,
	"spriteSourceSize": {"x":217,"y":156,"w":80,"h":108},
	"sourceSize": {"w":500,"h":500}
}],
"meta": {
	"app": "http://www.texturepacker.com",
	"version": "1.0",
	"image": "5.png",
	"format": "RGBA8888",
	"size": {"w":316,"h":112},
	"scale": "1",
	"smartupdate": "$TexturePacker:SmartUpdate:18accb66db0a6353888e10cef3b284c2$"
}
}
