{"cfgs":{"allTime":996,"blendMode":"normal","effectFrame":0,"effectTime":0,"horseY":0,"inter":[166,166,166,166,166,166],"offset":{"90":[[-126,-180],[-126,-183],[-125,-182],[-125,-174],[-125,-175],[-126,-178]]},"offsetX":0,"offsetY":"0","playTime":1000,"releaseFrame":0,"releaseTime":0,"repeatPlay":true,"rotate360":false,"scale":1},"frames":{"90_0.png":{"frame":{"h":305,"w":213,"x":640,"y":0}},"90_1.png":{"frame":{"h":309,"w":211,"x":214,"y":0}},"90_2.png":{"frame":{"h":310,"w":211,"x":0,"y":0}},"90_3.png":{"frame":{"h":303,"w":211,"x":212,"y":311}},"90_4.png":{"frame":{"h":304,"w":211,"x":0,"y":311}},"90_5.png":{"frame":{"h":308,"w":213,"x":426,"y":0}}},"meta":{"image":"fx_aqplan_01_01.png"}}