{"cfgs":{"allTime":1000,"blendMode":"normal","effectFrame":0,"effectTime":0,"horseY":0,"inter":[166,166,166,166,166,166],"offset":{"90":[[-109,-134],[-110,-137],[-101,-137],[-100,-136],[-98,-134],[-106,-134]]},"offsetX":0,"offsetY":"0","playTime":1000,"releaseFrame":0,"releaseTime":0,"repeatPlay":true,"rotate360":false,"scale":1},"frames":{"90_0.png":{"frame":{"h":256,"w":208,"x":214,"y":0}},"90_1.png":{"frame":{"h":257,"w":213,"x":0,"y":0}},"90_2.png":{"frame":{"h":255,"w":198,"x":423,"y":0}},"90_3.png":{"frame":{"h":252,"w":197,"x":200,"y":258}},"90_4.png":{"frame":{"h":252,"w":199,"x":0,"y":258}},"90_5.png":{"frame":{"h":254,"w":212,"x":622,"y":0}}},"meta":{"image":"anqiplan_02_01.png"}}