{"frames": [

{
	"filename": "2-5-0.png",
	"frame": {"x":90,"y":2,"w":86,"h":104},
	"rotated": false,
	"trimmed": true,
	"spriteSourceSize": {"x":208,"y":156,"w":86,"h":104},
	"sourceSize": {"w":500,"h":500}
},
{
	"filename": "2-5-1.png",
	"frame": {"x":178,"y":2,"w":90,"h":100},
	"rotated": false,
	"trimmed": true,
	"spriteSourceSize": {"x":203,"y":160,"w":90,"h":100},
	"sourceSize": {"w":500,"h":500}
},
{
	"filename": "2-5-2.png",
	"frame": {"x":2,"y":2,"w":86,"h":104},
	"rotated": false,
	"trimmed": true,
	"spriteSourceSize": {"x":203,"y":156,"w":86,"h":104},
	"sourceSize": {"w":500,"h":500}
}],
"meta": {
	"app": "http://www.texturepacker.com",
	"version": "1.0",
	"image": "5.png",
	"format": "RGBA8888",
	"size": {"w":270,"h":108},
	"scale": "1",
	"smartupdate": "$TexturePacker:SmartUpdate:88333e2e5c4f265b0aa2922bdf28b5cc$"
}
}
