{"file":"common.png","frames":{
"common_back_btn_png":{"x":932,"y":3,"w":74,"h":83,"offX":0,"offY":0,"sourceW":74,"sourceH":83},
"common_back_icon_png":{"x":932,"y":740,"w":59,"h":34,"offX":0,"offY":0,"sourceW":59,"sourceH":34},
"common_bar_bg_png":{"x":576,"y":1107,"w":362,"h":18,"offX":0,"offY":0,"sourceW":362,"sourceH":18},
"common_bar_pro_png":{"x":585,"y":3,"w":332,"h":12,"offX":0,"offY":0,"sourceW":332,"sourceH":12},
"common_bg_icon_png":{"x":585,"y":624,"w":107,"h":32,"offX":0,"offY":0,"sourceW":107,"sourceH":32},
"common_bg_icon1_png":{"x":932,"y":320,"w":70,"h":70,"offX":0,"offY":0,"sourceW":70,"sourceH":70},
"common_bg_icon2_png":{"x":932,"y":244,"w":70,"h":70,"offX":0,"offY":0,"sourceW":70,"sourceH":70},
"common_bg_icon3_png":{"x":932,"y":168,"w":70,"h":70,"offX":0,"offY":0,"sourceW":70,"sourceH":70},
"common_bg_icon4_png":{"x":932,"y":92,"w":70,"h":70,"offX":0,"offY":0,"sourceW":70,"sourceH":70},
"common_bg_icon5_png":{"x":932,"y":548,"w":70,"h":70,"offX":0,"offY":0,"sourceW":70,"sourceH":70},
"common_bg_icon6_png":{"x":932,"y":472,"w":70,"h":70,"offX":0,"offY":0,"sourceW":70,"sourceH":70},
"common_bg_icon7_png":{"x":932,"y":396,"w":70,"h":70,"offX":0,"offY":0,"sourceW":70,"sourceH":70},
"common_btn_png":{"x":754,"y":1033,"w":172,"h":68,"offX":0,"offY":0,"sourceW":172,"sourceH":68},
"common_btn1_png":{"x":576,"y":1033,"w":172,"h":68,"offX":0,"offY":0,"sourceW":172,"sourceH":68},
"common_btn2_png":{"x":990,"y":624,"w":29,"h":32,"offX":0,"offY":0,"sourceW":29,"sourceH":32},
"common_close_btn_png":{"x":932,"y":624,"w":52,"h":52,"offX":0,"offY":0,"sourceW":52,"sourceH":52},
"common_icon_bg_png":{"x":932,"y":682,"w":52,"h":52,"offX":0,"offY":0,"sourceW":52,"sourceH":52},
"common_lock_icon_png":{"x":932,"y":780,"w":35,"h":49,"offX":0,"offY":0,"sourceW":35,"sourceH":49},
"common_panel_bg_png":{"x":3,"y":1033,"w":567,"h":1007,"offX":0,"offY":0,"sourceW":567,"sourceH":1007},
"common_panel_bg1_png":{"x":3,"y":3,"w":576,"h":1024,"offX":0,"offY":0,"sourceW":576,"sourceH":1024},
"common_point_icon_png":{"x":990,"y":689,"w":18,"h":18,"offX":0,"offY":0,"sourceW":18,"sourceH":18},
"common_point_icon1_png":{"x":990,"y":713,"w":16,"h":16,"offX":0,"offY":0,"sourceW":16,"sourceH":16},
"common_tip_icon_png":{"x":990,"y":662,"w":21,"h":21,"offX":0,"offY":0,"sourceW":21,"sourceH":21}}}