{"file":"Font_Num.png","frames":{
"Font_Num_Cut_Blood_7_png":{"x":44,"y":0,"w":18,"h":26,"offX":2,"offY":1,"sourceW":20,"sourceH":27},
"Font_Num_Cut_Blood_8_png":{"x":0,"y":58,"w":20,"h":26,"offX":0,"offY":1,"sourceW":20,"sourceH":27},
"Font_Num_Cut_Blood_9_png":{"x":43,"y":56,"w":19,"h":26,"offX":1,"offY":1,"sourceW":20,"sourceH":27},
"Font_Num_Cut_Blood_-_png":{"x":0,"y":115,"w":16,"h":8,"offX":2,"offY":9,"sourceW":20,"sourceH":27},
"Font_Num_Cut_Blood_0_png":{"x":0,"y":29,"w":20,"h":27,"offX":0,"offY":0,"sourceW":20,"sourceH":27},
"Font_Num_Cut_Blood_1_png":{"x":0,"y":86,"w":16,"h":27,"offX":2,"offY":0,"sourceW":20,"sourceH":27},
"Font_Num_Cut_Blood_2_png":{"x":0,"y":0,"w":20,"h":27,"offX":0,"offY":0,"sourceW":20,"sourceH":27},
"Font_Num_Cut_Blood_3_png":{"x":22,"y":28,"w":19,"h":27,"offX":1,"offY":0,"sourceW":20,"sourceH":27},
"Font_Num_Cut_Blood_4_png":{"x":22,"y":0,"w":20,"h":26,"offX":0,"offY":1,"sourceW":20,"sourceH":27},
"Font_Num_Cut_Blood_5_png":{"x":43,"y":28,"w":19,"h":26,"offX":1,"offY":1,"sourceW":20,"sourceH":27},
"Font_Num_Cut_Blood_6_png":{"x":22,"y":57,"w":19,"h":26,"offX":1,"offY":1,"sourceW":20,"sourceH":27}}}