{"cfgs":{"allTime":1245,"blendMode":"normal","effectFrame":0,"effectTime":0,"horseY":0,"inter":[83,83,83,83,83,83,83,83,83,83,83,83,83,83,83],"offset":{"90":[[-10,-79],[-31,-181],[-11,-181],[-10,-181],[-10,-181],[-11,-156],[-12,-151],[-12,-147],[-13,-143],[-13,-138],[-14,-134],[-14,-125],[-15,-119],[-16,-115],[-16,-110]]},"offsetX":0,"offsetY":"0","playTime":1000,"releaseFrame":0,"releaseTime":0,"repeatPlay":false,"rotate360":false,"scale":1},"frames":{"90_0.png":{"frame":{"h":189,"w":90,"x":308,"y":681}},"90_1.png":{"frame":{"h":359,"w":118,"x":0,"y":0}},"90_10.png":{"frame":{"h":313,"w":82,"x":340,"y":360}},"90_11.png":{"frame":{"h":307,"w":78,"x":0,"y":681}},"90_12.png":{"frame":{"h":304,"w":76,"x":79,"y":681}},"90_13.png":{"frame":{"h":303,"w":76,"x":156,"y":681}},"90_14.png":{"frame":{"h":300,"w":74,"x":233,"y":681}},"90_2.png":{"frame":{"h":338,"w":92,"x":307,"y":0}},"90_3.png":{"frame":{"h":341,"w":99,"x":207,"y":0}},"90_4.png":{"frame":{"h":344,"w":87,"x":119,"y":0}},"90_5.png":{"frame":{"h":322,"w":86,"x":400,"y":0}},"90_6.png":{"frame":{"h":320,"w":85,"x":0,"y":360}},"90_7.png":{"frame":{"h":318,"w":84,"x":86,"y":360}},"90_8.png":{"frame":{"h":316,"w":84,"x":171,"y":360}},"90_9.png":{"frame":{"h":314,"w":83,"x":256,"y":360}}},"meta":{"image":"anqi_xj_02.png"}}