{
  "skins": {
    "eui.Button": "resource/eui_skins/ButtonSkin.exml",
    "eui.CheckBox": "resource/eui_skins/CheckBoxSkin.exml",
    "eui.HScrollBar": "resource/eui_skins/HScrollBarSkin.exml",
    "eui.HSlider": "resource/eui_skins/HSliderSkin.exml",
    "eui.Panel": "resource/eui_skins/PanelSkin.exml",
    "eui.TextInput": "resource/eui_skins/TextInputSkin.exml",
    "eui.ProgressBar": "resource/eui_skins/ProgressBarSkin.exml",
    "eui.RadioButton": "resource/eui_skins/RadioButtonSkin.exml",
    "eui.Scroller": "resource/eui_skins/ScrollerSkin.exml",
    "eui.ToggleSwitch": "resource/eui_skins/ToggleSwitchSkin.exml",
    "eui.VScrollBar": "resource/eui_skins/VScrollBarSkin.exml",
    "eui.VSlider": "resource/eui_skins/VSliderSkin.exml",
    "eui.ItemRenderer": "resource/eui_skins/ItemRendererSkin.exml"
  },
  "autoGenerateExmlsList": true,
  "exmls": [
    {
      "path": "resource/eui_skins/ButtonSkin.exml",
      "content": "<?xml version=\"1.0\" encoding=\"utf-8\" ?>\n<e:Skin class=\"skins.ButtonSkin\" states=\"up,down,disabled\" minHeight=\"50\" minWidth=\"100\" xmlns:e=\"http://ns.egret.com/eui\">\n    <e:Image width=\"100%\" height=\"100%\" scale9Grid=\"1,3,8,8\" alpha.disabled=\"0.5\"\n             source=\"button_up_png\"\n             source.down=\"button_down_png\"/>\n    <e:Label id=\"labelDisplay\" top=\"8\" bottom=\"8\" left=\"8\" right=\"8\"\n             size=\"20\"\n             textColor=\"0xFFFFFF\" verticalAlign=\"middle\" textAlign=\"center\"/>\n    <e:Image id=\"iconDisplay\" horizontalCenter=\"0\" verticalCenter=\"0\"/>\n</e:Skin>\n"
    },
    {
      "path": "resource/eui_skins/CheckBoxSkin.exml",
      "content": "<?xml version=\"1.0\" encoding=\"utf-8\"?>\n<e:Skin class=\"skins.CheckBoxSkin\" states=\"up,down,disabled,upAndSelected,downAndSelected,disabledAndSelected\" xmlns:e=\"http://ns.egret.com/eui\">\n    <e:Group width=\"100%\" height=\"100%\">\n        <e:layout>\n            <e:HorizontalLayout verticalAlign=\"middle\"/>\n        </e:layout>\n        <e:Image fillMode=\"scale\" alpha=\"1\" alpha.disabled=\"0.5\" alpha.down=\"0.7\"\n                 source=\"checkbox_unselect_png\"\n                 source.upAndSelected=\"checkbox_select_up_png\"\n                 source.downAndSelected=\"checkbox_select_down_png\"\n                 source.disabledAndSelected=\"checkbox_select_disabled_png\"/>\n        <e:Label id=\"labelDisplay\" size=\"20\" textColor=\"0x707070\"\n                 textAlign=\"center\" verticalAlign=\"middle\"\n                 fontFamily=\"Tahoma\"/>\n    </e:Group>\n</e:Skin>\n"
    },
    {
      "path": "resource/eui_skins/HScrollBarSkin.exml",
      "content": "<?xml version=\"1.0\" encoding=\"utf-8\"?>\n<e:Skin class=\"skins.HScrollBarSkin\" minWidth=\"20\" minHeight=\"8\" xmlns:e=\"http://ns.egret.com/eui\">\n    <e:Image id=\"thumb\" source=\"roundthumb_png\" scale9Grid=\"3,3,2,2\" height=\"8\" width=\"30\" verticalCenter=\"0\"/>\n</e:Skin>\n"
    },
    {
      "path": "resource/eui_skins/HSliderSkin.exml",
      "content": "<?xml version=\"1.0\" encoding=\"utf-8\"?>\n<e:Skin class=\"skins.HSliderSkin\" minWidth=\"20\" minHeight=\"8\" xmlns:e=\"http://ns.egret.com/eui\">\n    <e:Image id=\"track\" source=\"track_sb_png\" scale9Grid=\"1,1,4,4\" width=\"100%\"\n             height=\"6\" verticalCenter=\"0\"/>\n    <e:Image id=\"thumb\" source=\"thumb_png\" verticalCenter=\"0\"/>\n</e:Skin>\n"
    },
    {
      "path": "resource/eui_skins/ItemRendererSkin.exml",
      "content": "<?xml version=\"1.0\" encoding=\"utf-8\" ?>\n<e:Skin class=\"skins.ItemRendererSkin\" states=\"up,down,disabled\" minHeight=\"50\" minWidth=\"100\" xmlns:e=\"http://ns.egret.com/eui\">\n    <e:Image width=\"100%\" height=\"100%\" scale9Grid=\"1,3,8,8\" alpha.disabled=\"0.5\"\n             source=\"button_up_png\"\n             source.down=\"button_down_png\"/>\n    <e:Label id=\"labelDisplay\" top=\"8\" bottom=\"8\" left=\"8\" right=\"8\"\n             size=\"20\" fontFamily=\"Tahoma\"\n             textColor=\"0xFFFFFF\" text=\"{data}\" verticalAlign=\"middle\" textAlign=\"center\"/>\n</e:Skin>\n"
    },
    {
      "path": "resource/eui_skins/PanelSkin.exml",
      "content": "<?xml version=\"1.0\" encoding=\"utf-8\"?>\n<e:Skin class=\"skins.PanelSkin\" minHeight=\"230\" minWidth=\"450\" xmlns:e=\"http://ns.egret.com/eui\">\n    <e:Image left=\"0\" right=\"0\" bottom=\"0\"  top=\"0\" source=\"border_png\" scale9Grid=\"2,2,12,12\" />\n    <e:Group id=\"moveArea\" left=\"0\" right=\"0\" top=\"0\" height=\"45\">\n        <e:Image left=\"0\" right=\"0\" bottom=\"0\"  top=\"0\" source=\"header_png\"/>\n        <e:Label id=\"titleDisplay\" size=\"20\" fontFamily=\"Tahoma\" textColor=\"0xFFFFFF\"\n                 wordWrap=\"false\" left=\"15\" right=\"5\" verticalCenter=\"0\"/>\n    </e:Group>\n    <e:Button id=\"closeButton\" label=\"close\" bottom=\"5\" horizontalCenter=\"0\"/>\n</e:Skin>\n"
    },
    {
      "path": "resource/eui_skins/ProgressBarSkin.exml",
      "content": "<?xml version=\"1.0\" encoding=\"utf-8\"?>\n<e:Skin class=\"skins.ProgressBarSkin\" minWidth=\"30\" minHeight=\"18\" xmlns:e=\"http://ns.egret.com/eui\">\n\t<e:Image source=\"track_pb_png\" scale9Grid=\"1,1,4,4\" width=\"100%\"\n\t\t\t height=\"100%\" verticalCenter=\"0\"/>\n\t<e:Image id=\"thumb\" height=\"100%\" width=\"100%\" source=\"thumb_pb_png\"/>\n\t<e:Label id=\"labelDisplay\" textAlign=\"center\" verticalAlign=\"middle\"\n\t\t\t size=\"15\" fontFamily=\"Tahoma\" textColor=\"0x707070\"\n\t\t\t horizontalCenter=\"0\" verticalCenter=\"0\"/>\n</e:Skin>\n"
    },
    {
      "path": "resource/eui_skins/RadioButtonSkin.exml",
      "content": "<?xml version=\"1.0\" encoding=\"utf-8\"?>\n<e:Skin class=\"skins.RadioButtonSkin\" states=\"up,down,disabled,upAndSelected,downAndSelected,disabledAndSelected\" xmlns:e=\"http://ns.egret.com/eui\">\n    <e:Group width=\"100%\" height=\"100%\">\n        <e:layout>\n            <e:HorizontalLayout verticalAlign=\"middle\"/>\n        </e:layout>\n        <e:Image fillMode=\"scale\" alpha=\"1\" alpha.disabled=\"0.5\" alpha.down=\"0.7\"\n                 source=\"radiobutton_unselect_png\"\n                 source.upAndSelected=\"radiobutton_select_up_png\"\n                 source.downAndSelected=\"radiobutton_select_down_png\"\n                 source.disabledAndSelected=\"radiobutton_select_disabled_png\"/>\n        <e:Label id=\"labelDisplay\" size=\"20\" textColor=\"0x707070\"\n                 textAlign=\"center\" verticalAlign=\"middle\"\n                 fontFamily=\"Tahoma\"/>\n    </e:Group>\n</e:Skin>\n"
    },
    {
      "path": "resource/eui_skins/ScrollerSkin.exml",
      "content": "<?xml version=\"1.0\" encoding=\"utf-8\"?>\n<e:Skin class=\"skins.ScrollerSkin\" minWidth=\"20\" minHeight=\"20\" xmlns:e=\"http://ns.egret.com/eui\">\n    <e:HScrollBar id=\"horizontalScrollBar\" width=\"100%\" bottom=\"0\"/>\n    <e:VScrollBar id=\"verticalScrollBar\" height=\"100%\" right=\"0\"/>\n</e:Skin>"
    },
    {
      "path": "resource/eui_skins/TextInputSkin.exml",
      "content": "<?xml version='1.0' encoding='utf-8'?>\n<e:Skin class=\"skins.TextInputSkin\" minHeight=\"40\" minWidth=\"300\" states=\"normal,disabled,normalWithPrompt,disabledWithPrompt\" xmlns:e=\"http://ns.egret.com/eui\">\n\t<e:Image width=\"100%\" height=\"100%\" scale9Grid=\"1,3,8,8\" source=\"button_up_png\"/>\n\t<e:Rect height=\"100%\" width=\"100%\" fillColor=\"0xffffff\"/>\n \t<e:EditableText id=\"textDisplay\" verticalCenter=\"0\" left=\"10\" right=\"10\"\n\t                textColor=\"0x000000\" textColor.disabled=\"0xff0000\" width=\"100%\" height=\"24\" size=\"20\" />\n\t<e:Label id=\"promptDisplay\" verticalCenter=\"0\" left=\"10\" right=\"10\"\n\t                textColor=\"0xa9a9a9\" width=\"100%\" height=\"24\" size=\"20\" touchEnabled=\"false\" includeIn=\"normalWithPrompt,disabledWithPrompt\"/>\n</e:Skin>"
    },
    {
      "path": "resource/eui_skins/ToggleSwitchSkin.exml",
      "content": "<?xml version=\"1.0\" encoding=\"utf-8\"?>\n<e:Skin class=\"skins.ToggleSwitchSkin\" states=\"up,down,disabled,upAndSelected,downAndSelected,disabledAndSelected\" xmlns:e=\"http://ns.egret.com/eui\">\n    <e:Image source=\"on_png\"\n             source.up=\"off_png\"\n             source.down=\"off_png\"\n             source.disabled=\"off_png\"/>\n    <e:Image source=\"handle_png\"\n             horizontalCenter=\"-18\"\n             horizontalCenter.upAndSelected=\"18\"\n             horizontalCenter.downAndSelected=\"18\"\n             horizontalCenter.disabledAndSelected=\"18\"\n             verticalCenter=\"0\"/>\n</e:Skin>\n"
    },
    {
      "path": "resource/eui_skins/VScrollBarSkin.exml",
      "content": "<?xml version=\"1.0\" encoding=\"utf-8\"?>\n<e:Skin class=\"skins.VScrollBarSkin\" minWidth=\"8\" minHeight=\"20\" xmlns:e=\"http://ns.egret.com/eui\">\n    <e:Image id=\"thumb\" source=\"roundthumb_png\" scale9Grid=\"3,3,2,2\" height=\"30\" width=\"8\" horizontalCenter=\"0\"/>\n</e:Skin>\n"
    },
    {
      "path": "resource/eui_skins/VSliderSkin.exml",
      "content": "<?xml version=\"1.0\" encoding=\"utf-8\"?>\n<e:Skin class=\"skins.VSliderSkin\" minWidth=\"25\" minHeight=\"30\" xmlns:e=\"http://ns.egret.com/eui\">\n    <e:Image id=\"track\" source=\"track_png\" scale9Grid=\"1,1,4,4\" width=\"7\" height=\"100%\" horizontalCenter=\"0\"/>\n    <e:Image id=\"thumb\" source=\"thumb_png\" horizontalCenter=\"0\" />\n</e:Skin>\n"
    },
    {
      "path": "resource/skins/bag/BackBtnSkin.exml",
      "content": "<?xml version=\"1.0\" encoding=\"utf-8\"?>\n<e:Skin class=\"BackBtnSkin\" width=\"74\" height=\"120\" xmlns:e=\"http://ns.egret.com/eui\" xmlns:DLG=\"DLG.*\" xmlns:w=\"http://ns.egret.com/wing\">\n\t<DLG:CImage id=\"img\" width=\"74\" height=\"83\" scale9Grid=\"15,15,22,22\" anchorOffsetY=\"0\" x=\"0\" y=\"0\" source=\"common_back_btn_png\"/>\n\t<DLG:CImage id=\"img0\" width=\"59\" height=\"34\" scale9Grid=\"15,15,22,22\" anchorOffsetY=\"0\" x=\"0.68\" y=\"82.51\" source=\"common_back_icon_png\"/>\n</e:Skin>"
    },
    {
      "path": "resource/skins/bag/BagItemSkin.exml",
      "content": "<?xml version=\"1.0\" encoding=\"utf-8\"?>\n<e:Skin class=\"BagItemSkin\" width=\"70\" height=\"70\" xmlns:e=\"http://ns.egret.com/eui\" xmlns:DLG=\"DLG.*\" xmlns:w=\"http://ns.egret.com/wing\">\n\t<DLG:CImage id=\"bg_img\" width=\"70\" height=\"70\" anchorOffsetY=\"0\" x=\"0\" y=\"0\" scale9Grid=\"21,19,13,11\" source=\"common_bg_icon4_png\"/>\n\t<DLG:CImage id=\"icon_img\" anchorOffsetY=\"0\" x=\"3\" y=\"3\" source=\"goods_1_png\" scale9Grid=\"0,0,26,32\" width=\"64\" height=\"64\"/>\n\t<DLG:CImage id=\"icon_lock\" anchorOffsetY=\"0\" x=\"19\" y=\"10.5\" source=\"common_lock_icon_png\" scale9Grid=\"0,0,26,32\" locked=\"true\"/>\n\t<DLG:CLabel id=\"label_txt\" text=\"2\" anchorOffsetX=\"0\" width=\"62\" fontFamily=\"Arial\" textAlign=\"right\" horizontalCenter=\"1\" verticalCenter=\"22.5\" size=\"18\" textColor=\"0xffffff\" anchorOffsetY=\"0\" height=\"17\" visible=\"false\"/>\n</e:Skin>"
    },
    {
      "path": "resource/skins/bag/bagBtnSkin.exml",
      "content": "<?xml version=\"1.0\" encoding=\"utf-8\"?>\n<e:Skin class=\"BagBtnSkin\" width=\"172\" height=\"68\" xmlns:e=\"http://ns.egret.com/eui\" xmlns:DLG=\"DLG.*\" xmlns:w=\"http://ns.egret.com/wing\">\n\t<DLG:CImage id=\"img\" scale9Grid=\"15,15,22,22\" anchorOffsetY=\"0\" x=\"0\" y=\"0\" source=\"common_btn_png\"/>\n\t<DLG:CLabel id=\"label_txt\" text=\"熔 炼\" anchorOffsetX=\"0\" width=\"172\" fontFamily=\"Arial\" textAlign=\"center\" verticalCenter=\"-0.5\" size=\"25\" textColor=\"0xFFFFFF\" anchorOffsetY=\"0\" height=\"27\" bold=\"true\" x=\"0\"/>\n</e:Skin>"
    },
    {
      "path": "resource/skins/login/CloseBtn.exml",
      "content": "<?xml version=\"1.0\" encoding=\"utf-8\"?>\n<e:Skin class=\"CloseBtn\" width=\"46\" height=\"47\" xmlns:e=\"http://ns.egret.com/eui\" xmlns:DLG=\"DLG.*\" xmlns:w=\"http://ns.egret.com/wing\">\n\t<DLG:CImage id=\"img\" x=\"0\" y=\"0\" source=\"Login_json.Login_shutDown_png\"/>\n</e:Skin>"
    },
    {
      "path": "resource/skins/bag/BagView.exml",
      "content": "<?xml version=\"1.0\" encoding=\"utf-8\"?>\n<e:Skin class=\"bagView\" width=\"640\" height=\"960\" xmlns:e=\"http://ns.egret.com/eui\" xmlns:DLG=\"DLG.*\" xmlns:w=\"http://ns.egret.com/wing\" xmlns:ns1=\"*\" xmlns:panel=\"panel.*\">\n\t<DLG:CRect width=\"900\" height=\"1600\" fillAlpha=\"0.7\" horizontalCenter=\"0\" verticalCenter=\"0\"/>\n\t<DLG:CImage anchorOffsetX=\"0\" anchorOffsetY=\"0\" height=\"960\" scale9Grid=\"299,447,34,171\" source=\"common_panel_bg_png\" horizontalCenter=\"-0.5\" verticalCenter=\"0\" locked=\"true\"/>\n\t<DLG:CImage anchorOffsetX=\"0\" anchorOffsetY=\"0\" scale9Grid=\"299,447,34,171\" horizontalCenter=\"1\" verticalCenter=\"-457.5\" source=\"bag_json.bag_title_png\"/>\n\t<DLG:CImage anchorOffsetX=\"0\" anchorOffsetY=\"0\" scale9Grid=\"299,447,34,171\" horizontalCenter=\"3.5\" verticalCenter=\"-51.5\" source=\"bag_json.bag_bg_png\" locked=\"true\"/>\n\t<DLG:CLabel text=\"包裹：\" anchorOffsetX=\"0\" fontFamily=\"KaiTi\" textAlign=\"left\" horizontalCenter=\"137\" verticalCenter=\"-402\" size=\"24\" textColor=\"0xffeea0\"/>\n\t<DLG:CLabel id=\"num_txt\" text=\"100/200\" anchorOffsetX=\"0\" width=\"324\" fontFamily=\"KaiTi\" textAlign=\"right\" horizontalCenter=\"87\" verticalCenter=\"-402.5\" size=\"24\" textColor=\"0x067800\"/>\n\t<DLG:CList id=\"list\" width=\"480\" height=\"642.73\" anchorOffsetX=\"0\" anchorOffsetY=\"0\" x=\"87\" y=\"108.44\" itemRendererSkinName=\"BagItemSkin\">\n\t\t<e:layout>\n\t\t\t<e:VerticalLayout gap=\"10\"/>\n\t\t</e:layout>\n\t</DLG:CList>\n\t<DLG:CButton id=\"rong_btn\" width=\"172\" height=\"68\" horizontalCenter=\"0\" y=\"774.02\" skinName=\"BagBtnSkin\" anchorOffsetX=\"0\" visible=\"false\"/>\n\t<DLG:CButton id=\"back_btn\" width=\"74\" height=\"83\" horizontalCenter=\"-199\" y=\"828.72\" x=\"10\" skinName=\"BackBtnSkin\"/>\n\t<DLG:CButton id=\"close_btn\" width=\"52\" height=\"52\" horizontalCenter=\"263\" y=\"7.19\" x=\"20\" skinName=\"CloseBtn\"/>\n</e:Skin>"
    },
    {
      "path": "resource/skins/bag/CloseBtnSkin.exml",
      "content": "<?xml version=\"1.0\" encoding=\"utf-8\"?>\n<e:Skin class=\"CloseBtnSkin\" width=\"52\" height=\"52\" xmlns:e=\"http://ns.egret.com/eui\" xmlns:DLG=\"DLG.*\" xmlns:w=\"http://ns.egret.com/wing\">\n\t<DLG:CImage id=\"img\" width=\"52\" height=\"52\" scale9Grid=\"15,15,22,22\" anchorOffsetY=\"0\" x=\"0\" y=\"0\" source=\"common_close_btn_png\"/>\n</e:Skin>"
    },
    {
      "path": "resource/skins/button/CreateRoleBtn.exml",
      "content": "<?xml version=\"1.0\" encoding=\"utf-8\"?>\n<e:Skin class=\"CreateRoleBtn\" width=\"202\" height=\"64\" xmlns:e=\"http://ns.egret.com/eui\" xmlns:DLG=\"DLG.*\">\n\t<DLG:CImage source=\"CreateRole_json.CreateRole_CreateBtn_png\" width=\"202\" height=\"64\" x=\"0\" y=\"0\"/>\n</e:Skin>"
    },
    {
      "path": "resource/skins/button/RandomNameBtn.exml",
      "content": "<?xml version=\"1.0\" encoding=\"utf-8\"?>\n<e:Skin class=\"RandomNameBtn\" width=\"49\" height=\"50\" xmlns:e=\"http://ns.egret.com/eui\" xmlns:DLG=\"DLG.*\">\n\t<DLG:CImage source=\"CreateRole_json.CreateRole_ShaiZi_png\" x=\"0\" y=\"0\"/>\n</e:Skin>"
    },
    {
      "path": "resource/skins/common/AddBtnSkin.exml",
      "content": "<?xml version=\"1.0\" encoding=\"utf-8\"?>\n<e:Skin class=\"AddBtnSkin\" width=\"29\" height=\"32\" xmlns:e=\"http://ns.egret.com/eui\" xmlns:DLG=\"DLG.*\" xmlns:w=\"http://ns.egret.com/wing\">\n\t<DLG:CImage id=\"img\" scale9Grid=\"15,15,22,22\" anchorOffsetY=\"0\" x=\"0\" y=\"0\" source=\"common_btn2_png\" width=\"29\" height=\"32\"/>\n</e:Skin>"
    },
    {
      "path": "resource/skins/common/AddItem.exml",
      "content": "<?xml version=\"1.0\" encoding=\"utf-8\"?>\n<e:Skin class=\"AddItemSkin\" states=\"normal,disabled,normalWithPrompt,disabledWithPrompt\" xmlns:e=\"http://ns.egret.com/eui\" xmlns:w=\"http://ns.egret.com/wing\" xmlns:DLG=\"DLG.*\" height=\"32\">\n\t<DLG:CImage id=\"bg_img\" y=\"0\" anchorOffsetX=\"0\" anchorOffsetY=\"0\" x=\"0\" scale9Grid=\"44,41,12,13\" fillMode=\"scale\" source=\"common_bg_icon_png\" width=\"107\" height=\"32\" maxWidth=\"107\" maxHeight=\"32\"/>\n\t<DLG:CLabel id=\"lab_txt\" text=\"9/10\" x=\"7.92\" y=\"7.16\" size=\"20\" anchorOffsetY=\"0\" height=\"20.67\" textAlign=\"center\" anchorOffsetX=\"0\" width=\"77.75\" textColor=\"0xffeea0\" fontFamily=\"KaiTi\"/>\n\t<DLG:CButton id=\"add_btn\" width=\"29\" height=\"32\" anchorOffsetX=\"0\" anchorOffsetY=\"0\" skinName=\"AddBtnSkin\" x=\"78\" y=\"1.98\"/>\n</e:Skin>"
    },
    {
      "path": "resource/skins/common/BarItem.exml",
      "content": "<?xml version=\"1.0\" encoding=\"utf-8\"?>\n<e:Skin class=\"BarItemSkin\" states=\"normal,disabled,normalWithPrompt,disabledWithPrompt\" xmlns:e=\"http://ns.egret.com/eui\" xmlns:w=\"http://ns.egret.com/wing\" xmlns:DLG=\"DLG.*\">\n\t<DLG:CImage id=\"bg_img\" y=\"0\" anchorOffsetX=\"0\" anchorOffsetY=\"0\" scale9Grid=\"35,32,35,35\" x=\"0\" source=\"common_bar_bg_png\" width=\"362\"/>\n\t<DLG:CImage id=\"bar_img\" y=\"2.78\" anchorOffsetX=\"0\" anchorOffsetY=\"0\" scale9Grid=\"35,32,35,35\" x=\"16.07\" source=\"common_bar_pro_png\"/>\n\t<DLG:CLabel id=\"lab_txt\" text=\"规则说明\" x=\"0\" y=\"0\" size=\"16\" anchorOffsetY=\"0\" anchorOffsetX=\"0\" width=\"362\" textAlign=\"center\" textColor=\"0xffffff\" fontFamily=\"KaiTi\" locked=\"true\"/>\n</e:Skin>"
    },
    {
      "path": "resource/skins/common/ItemAttrSkin.exml",
      "content": "<?xml version=\"1.0\" encoding=\"utf-8\"?>\n<e:Skin class=\"ItemAttrSkin\" xmlns:e=\"http://ns.egret.com/eui\" xmlns:DLG=\"DLG.*\" xmlns:w=\"http://ns.egret.com/wing\">\n\t<DLG:CLabel text=\"【基础属性】\" anchorOffsetX=\"0\" fontFamily=\"KaiTi\" textAlign=\"left\" size=\"24\" anchorOffsetY=\"0\" textColor=\"0xffffff\" x=\"0\" y=\"0\"/>\n\t<DLG:CLabel id=\"hp_txt\" text=\"生命：100\" anchorOffsetX=\"0\" fontFamily=\"KaiTi\" textAlign=\"left\" size=\"20\" anchorOffsetY=\"0\" textColor=\"0xffffff\" x=\"10\" y=\"36\"/>\n\t<DLG:CLabel id=\"atk_txt\" text=\"攻击：150\" anchorOffsetX=\"0\" fontFamily=\"KaiTi\" textAlign=\"left\" size=\"20\" anchorOffsetY=\"0\" textColor=\"0xffffff\" x=\"10\" y=\"62\"/>\n\t<DLG:CLabel id=\"def_txt\" text=\"防御：150\" anchorOffsetX=\"0\" fontFamily=\"KaiTi\" textAlign=\"left\" size=\"20\" anchorOffsetY=\"0\" textColor=\"0xFFFFFF\" x=\"10\" y=\"87\"/>\n</e:Skin>"
    },
    {
      "path": "resource/skins/common/ItemDesSkin.exml",
      "content": "<?xml version=\"1.0\" encoding=\"utf-8\"?>\n<e:Skin class=\"ItemDesSkin\" xmlns:e=\"http://ns.egret.com/eui\" xmlns:DLG=\"DLG.*\" xmlns:w=\"http://ns.egret.com/wing\" width=\"390\">\n\t<DLG:CLabel id=\"des_txt\" text=\"生命：100\" anchorOffsetX=\"0\" fontFamily=\"KaiTi\" textAlign=\"left\" size=\"20\" anchorOffsetY=\"0\" textColor=\"0xffffff\" x=\"10\" y=\"0\" width=\"370\"/>\n</e:Skin>"
    },
    {
      "path": "resource/skins/common/ItemTipsBtn.exml",
      "content": "<?xml version=\"1.0\" encoding=\"utf-8\"?>\n<e:Skin class=\"ItemTipsBtn\" width=\"96\" height=\"42\" xmlns:e=\"http://ns.egret.com/eui\" xmlns:DLG=\"DLG.*\" xmlns:w=\"http://ns.egret.com/wing\">\n\t<DLG:CImage id=\"img\" scale9Grid=\"15,15,22,22\" anchorOffsetY=\"0\" x=\"0\" y=\"0\" width=\"96\" height=\"42\" source=\"common_btn3_png\"/>\n\t<DLG:CLabel id=\"label_txt\" text=\"熔 炼\" anchorOffsetX=\"0\" width=\"110\" fontFamily=\"KaiTi\" textAlign=\"center\" size=\"24\" textColor=\"0xFFFFFF\" anchorOffsetY=\"0\" height=\"27\" x=\"0\" y=\"10\" visible=\"false\" locked=\"true\"/>\n</e:Skin>"
    },
    {
      "path": "resource/skins/common/ItemTipsSkin.exml",
      "content": "<?xml version=\"1.0\" encoding=\"utf-8\"?>\n<e:Skin class=\"ItemTipsSkin\" xmlns:e=\"http://ns.egret.com/eui\" xmlns:DLG=\"DLG.*\" xmlns:w=\"http://ns.egret.com/wing\" width=\"640\" height=\"960\">\n\t<w:Config id=\"169dd140a5c\"/>\n\t<DLG:CRect width=\"900\" height=\"1600\" fillAlpha=\"0.7\" verticalCenter=\"0\" horizontalCenter=\"0\"/>\n\t<DLG:CGroup id=\"content_box\" x=\"127\" y=\"194\" anchorOffsetX=\"0\" width=\"508\">\n\t\t<DLG:CImage id=\"bg_img\" anchorOffsetY=\"0\" x=\"0\" y=\"19\" anchorOffsetX=\"0\" width=\"390\" height=\"252\" scaleX=\"1\" scaleY=\"1\" source=\"common_bg_tips_png\" scale9Grid=\"41,121,296,323\"/>\n\t\t<DLG:CButton id=\"close_btn\" width=\"52\" height=\"52\" y=\"0\" x=\"362\" skinName=\"CloseBtn\" scaleX=\"1\" scaleY=\"1\"/>\n\t\t<DLG:CImage id=\"icon_bg_img\" width=\"70\" height=\"70\" anchorOffsetY=\"0\" x=\"36\" y=\"47\" scale9Grid=\"21,19,13,11\" source=\"common_bg_icon4_png\" scaleX=\"1\" scaleY=\"1\"/>\n\t\t<DLG:CImage id=\"icon_img\" anchorOffsetY=\"0\" x=\"39\" y=\"50\" source=\"goods_1_png\" scale9Grid=\"0,0,26,32\" width=\"64\" height=\"64\" scaleX=\"1\" scaleY=\"1\"/>\n\t\t<DLG:CLabel id=\"name_txt\" text=\"史莱克铠甲\" anchorOffsetX=\"0\" fontFamily=\"KaiTi\" textAlign=\"left\" size=\"24\" anchorOffsetY=\"0\" textColor=\"0xffffff\" x=\"129\" y=\"39\" scaleX=\"1\" scaleY=\"1\"/>\n\t\t<DLG:CLabel id=\"type_txt\" text=\"铠甲\" anchorOffsetX=\"0\" fontFamily=\"KaiTi\" textAlign=\"left\" size=\"20\" anchorOffsetY=\"0\" textColor=\"0xffffff\" x=\"129\" y=\"73\" scaleX=\"1\" scaleY=\"1\"/>\n\t\t<DLG:CLabel id=\"limit_txt\" text=\"需要等级：1\" anchorOffsetX=\"0\" fontFamily=\"KaiTi\" textAlign=\"left\" size=\"20\" anchorOffsetY=\"0\" textColor=\"0xffffff\" x=\"129\" y=\"101\" scaleX=\"1\" scaleY=\"1\"/>\n\t\t<DLG:CGroup id=\"other_box\" width=\"80\" height=\"60\" x=\"23\" y=\"145\" scaleX=\"1\" scaleY=\"1\">\n\t\t\t<DLG:CLabel text=\"【基础属性】\" anchorOffsetX=\"0\" fontFamily=\"KaiTi\" textAlign=\"left\" size=\"24\" anchorOffsetY=\"0\" textColor=\"0xFFFFFF\" x=\"0\" y=\"0\" scaleX=\"1\" scaleY=\"1\"/>\n\t\t\t<DLG:CLabel id=\"hp_txt\" text=\"生命：100\" anchorOffsetX=\"0\" fontFamily=\"KaiTi\" textAlign=\"left\" size=\"20\" anchorOffsetY=\"0\" textColor=\"0xFFFFFF\" x=\"10\" y=\"36\" scaleX=\"1\" scaleY=\"1\"/>\n\t\t\t<DLG:CLabel id=\"atk_txt\" text=\"攻击：150\" anchorOffsetX=\"0\" fontFamily=\"KaiTi\" textAlign=\"left\" size=\"20\" anchorOffsetY=\"0\" textColor=\"0xFFFFFF\" x=\"10\" y=\"62\" scaleX=\"1\" scaleY=\"1\"/>\n\t\t\t<DLG:CLabel id=\"def_txt\" text=\"防御：150\" anchorOffsetX=\"0\" fontFamily=\"KaiTi\" textAlign=\"left\" size=\"20\" anchorOffsetY=\"0\" textColor=\"0xFFFFFF\" x=\"10\" y=\"87\" scaleX=\"1\" scaleY=\"1\"/>\n\t\t\t<DLG:CImage id=\"line\" anchorOffsetY=\"0\" x=\"-13\" y=\"112.01\" anchorOffsetX=\"0\" scaleX=\"1\" scaleY=\"1\" scale9Grid=\"41,121,296,323\" source=\"common_line_tips_png\"/>\n\t\t</DLG:CGroup>\n\t\t<DLG:CLabel id=\"des_txt\" text=\"防御：150防御：1防御：15050防御：150防御：150防御：150防御：150防御：150防御：150\" anchorOffsetX=\"0\" fontFamily=\"KaiTi\" textAlign=\"left\" size=\"20\" anchorOffsetY=\"0\" textColor=\"0xFFFFFF\" x=\"20\" y=\"267\" scaleX=\"1\" scaleY=\"1\" width=\"348\"/>\n\t\t<DLG:CGroup id=\"btn_box\" x=\"382.91\" y=\"268\" scaleX=\"1\" scaleY=\"1\">\n\t\t\t<DLG:CButton id=\"btn_1\" width=\"96\" height=\"42\" y=\"0\" anchorOffsetX=\"0\" anchorOffsetY=\"0\" x=\"0\" scaleX=\"1\" scaleY=\"1\" skinName=\"ItemTipsBtn\"/>\n\t\t</DLG:CGroup>\n\t</DLG:CGroup>\n</e:Skin>"
    },
    {
      "path": "resource/skins/text/TextInput.exml",
      "content": "<?xml version=\"1.0\" encoding=\"utf-8\"?>\n<e:Skin class=\"TextInput\" width=\"300\" height=\"40\" states=\"normal,disabled,normalWithPrompt,disabledWithPrompt\" xmlns:e=\"http://ns.egret.com/eui\" xmlns:w=\"http://ns.egret.com/wing\">\n \t<e:EditableText id=\"textDisplay\" verticalCenter=\"0\" left=\"10\" right=\"10\"\n\t                textColor=\"0x000000\" textColor.disabled=\"0xff0000\" width=\"100%\" height=\"24\" size=\"20\" />\n\t<e:Label id=\"promptDisplay\" verticalCenter=\"0\" left=\"10\" right=\"10\"\n\t                textColor=\"0xa9a9a9\" width=\"100%\" height=\"24\" size=\"20\" touchEnabled=\"false\" includeIn=\"normalWithPrompt,disabledWithPrompt\"/>\n</e:Skin>"
    },
    {
      "path": "resource/skins/createRole/CreateRole.exml",
      "content": "<?xml version=\"1.0\" encoding=\"utf-8\"?>\n<e:Skin class=\"CreateRole\" width=\"640\" height=\"960\" xmlns:e=\"http://ns.egret.com/eui\" xmlns:DLG=\"DLG.*\" xmlns:w=\"http://ns.egret.com/wing\" xmlns:ns1=\"*\">\n\t<DLG:CRect width=\"640\" height=\"960\" fillColor=\"0x140f0f\"/>\n\t<DLG:CBigImage id=\"jobModel\" y=\"0\" source=\"jobMan0_png\" x=\"2\"/>\n\t<DLG:CImage y=\"30\" source=\"CreateRole_json.CreateRole_Title_png\" horizontalCenter=\"0\"/>\n\t<DLG:CList id=\"selectJobList\" width=\"194\" height=\"91\" y=\"660\" anchorOffsetY=\"0\" anchorOffsetX=\"0\" x=\"223\">\n\t\t<e:layout>\n\t\t\t<e:HorizontalLayout gap=\"20\"/>\n\t\t</e:layout>\n\t</DLG:CList>\n\t<DLG:CImage y=\"770\" source=\"CreateRole_json.CreateRole_NameBg_png\" x=\"213\"/>\n\t<DLG:CTextInput id=\"inputName\" width=\"215\" height=\"43\" x=\"213.5\" y=\"770\" anchorOffsetX=\"0\" anchorOffsetY=\"0\" skinName=\"TextInput\"/>\n\t<DLG:CBmpButton id=\"btn_create\" x=\"219\" y=\"860\" skinName=\"CreateRoleBtn\"/>\n\t<DLG:CBmpButton id=\"btn_random\" x=\"442\" y=\"766.5\" skinName=\"RandomNameBtn\"/>\n</e:Skin>"
    },
    {
      "path": "resource/skins/createRole/SelectJobItem.exml",
      "content": "<?xml version=\"1.0\" encoding=\"utf-8\"?>\n<e:Skin class=\"SelectJobItem\" width=\"86\" height=\"87\" xmlns:e=\"http://ns.egret.com/eui\" xmlns:DLG=\"DLG.*\" xmlns:w=\"http://ns.egret.com/wing\">\n\t<DLG:CImage id=\"jobIcon\" anchorOffsetX=\"0\" anchorOffsetY=\"0\" source=\"CreateRole_json.CreateRole_HeroIcon_1_png\" horizontalCenter=\"0\" verticalCenter=\"0\"/>\n\t<DLG:CImage id=\"select_mc\" anchorOffsetX=\"0\" anchorOffsetY=\"0\" source=\"CreateRole_json.CreateRole_SexGuang_png\" horizontalCenter=\"0\" verticalCenter=\"0\"/>\n</e:Skin>"
    },
    {
      "path": "resource/skins/guide/GuidSkinView.exml",
      "content": "<?xml version=\"1.0\" encoding=\"utf-8\"?>\n<e:Skin class=\"GuidSkinView\" width=\"640\" height=\"960\" xmlns:e=\"http://ns.egret.com/eui\" xmlns:DLG=\"DLG.*\" xmlns:w=\"http://ns.egret.com/wing\">\n\t<DLG:CRect width=\"900\" height=\"1600\" fillAlpha=\"0.7\" anchorOffsetX=\"0\" anchorOffsetY=\"0\" horizontalCenter=\"0\" verticalCenter=\"0\"/>\n\t<DLG:CGroup id=\"content_box\" x=\"80\" y=\"671\" anchorOffsetY=\"0\" anchorOffsetX=\"0\">\n\t\t<DLG:CImage id=\"arrow_img\" scale9Grid=\"15,15,22,22\" anchorOffsetY=\"0\" x=\"4\" y=\"-45\" source=\"guide_arrow_png\" scaleX=\"1.2\" scaleY=\"1.2\"/>\n\t\t<DLG:CImage id=\"icon_img\" scale9Grid=\"15,15,22,22\" anchorOffsetY=\"0\" x=\"3\" y=\"51\" source=\"menubar_fight_png\" scaleX=\"1\" scaleY=\"1\" locked=\"true\"/>\n\t</DLG:CGroup>\n</e:Skin>"
    },
    {
      "path": "resource/skins/loading/LoadBarSkin.exml",
      "content": "<?xml version=\"1.0\" encoding=\"utf-8\"?>\n<e:Skin class=\"LoadBarSkin\" states=\"normal,disabled,normalWithPrompt,disabledWithPrompt\" xmlns:e=\"http://ns.egret.com/eui\" xmlns:w=\"http://ns.egret.com/wing\" xmlns:DLG=\"DLG.*\">\n\t<DLG:CImage y=\"0\" anchorOffsetX=\"0\" anchorOffsetY=\"0\" scale9Grid=\"35,32,35,35\" x=\"52.5\" source=\"load_bar_bg1_png\"/>\n\t<DLG:CImage id=\"bg_img\" y=\"14.5\" anchorOffsetX=\"0\" anchorOffsetY=\"0\" scale9Grid=\"35,32,35,35\" x=\"0\" source=\"load_bar_bg_png\"/>\n\t<DLG:CImage id=\"bar_img\" y=\"14.78\" anchorOffsetX=\"0\" anchorOffsetY=\"0\" x=\"0\" source=\"load_bar_pro_png\" scale9Grid=\"15,10,6,6\" width=\"470\"/>\n\t<DLG:CImage id=\"bar_point\" y=\"5.71\" anchorOffsetX=\"0\" anchorOffsetY=\"0\" scale9Grid=\"35,32,35,35\" x=\"207.03\" source=\"load_bar_point_png\"/>\n\t<DLG:CLabel id=\"lab_txt\" text=\"规则说明\" x=\"0.5\" y=\"19\" size=\"16\" anchorOffsetY=\"0\" anchorOffsetX=\"0\" width=\"469.5\" textAlign=\"center\" textColor=\"0xffffff\" fontFamily=\"KaiTi\" locked=\"true\"/>\n</e:Skin>"
    },
    {
      "path": "resource/skins/loading/LoadViewSkin.exml",
      "content": "<?xml version=\"1.0\" encoding=\"utf-8\"?>\n<e:Skin class=\"LoadViewSkin\" width=\"640\" height=\"960\" xmlns:e=\"http://ns.egret.com/eui\" xmlns:DLG=\"DLG.*\" xmlns:w=\"http://ns.egret.com/wing\">\n\t<DLG:CBigImage id=\"loginBg\" width=\"900\" height=\"1600\" horizontalCenter=\"0\" verticalCenter=\"0\" source=\"loginBg_jpg\"/>\n\t<DLG:CComponent id=\"barItem\" x=\"86\" y=\"709\" anchorOffsetY=\"0\" skinName=\"LoadBarSkin\"/>\n\t<DLG:CImage id=\"loginBg1\" x=\"32\" y=\"862\" source=\"load_bg1_png\"/>\n\t<DLG:CImage id=\"loginBg2\" x=\"0\" y=\"63.12\" source=\"load_bg2_png\"/>\n</e:Skin>"
    },
    {
      "path": "resource/skins/loading/SkillVMCSkin.exml",
      "content": "<?xml version=\"1.0\" encoding=\"utf-8\"?>\n<e:Skin class=\"SkillVMCSkin\" width=\"640\" height=\"960\" xmlns:e=\"http://ns.egret.com/eui\" xmlns:DLG=\"DLG.*\" xmlns:w=\"http://ns.egret.com/wing\">\n\t<DLG:CRect width=\"900\" height=\"1600\" fillAlpha=\"0.7\" horizontalCenter=\"0\" verticalCenter=\"0\"/>\n\t<DLG:CComponent id=\"vmc_box\" y=\"0\" x=\"0\"/>\n</e:Skin>"
    },
    {
      "path": "resource/skins/loading/WelcomViewSkin.exml",
      "content": "<?xml version=\"1.0\" encoding=\"utf-8\"?>\n<e:Skin class=\"WelcomViewSkin\" width=\"640\" height=\"960\" xmlns:e=\"http://ns.egret.com/eui\" xmlns:DLG=\"DLG.*\" xmlns:w=\"http://ns.egret.com/wing\">\n\t<DLG:CRect width=\"900\" height=\"1600\" fillAlpha=\"0.7\" horizontalCenter=\"0\" verticalCenter=\"0\"/>\n\t<DLG:CImage y=\"167\" source=\"welcom_bg_png\" horizontalCenter=\"0.5\"/>\n\t<DLG:CImage x=\"217\" y=\"445.83\" source=\"welcom_button_png\"/>\n</e:Skin>"
    },
    {
      "path": "resource/skins/login/LoginBtn.exml",
      "content": "<?xml version=\"1.0\" encoding=\"utf-8\"?>\n<e:Skin class=\"LoginBtn\" width=\"200\" height=\"50\" xmlns:e=\"http://ns.egret.com/eui\" xmlns:DLG=\"DLG.*\" xmlns:w=\"http://ns.egret.com/wing\">\n\t<DLG:CRect fillColor=\"0xffb900\" left=\"0\" right=\"0\" top=\"0\" bottom=\"0\"/>\n\t<DLG:CLabel id=\"label_txt\" text=\"登录\" anchorOffsetX=\"0\" width=\"186\" fontFamily=\"KaiTi\" textAlign=\"center\" horizontalCenter=\"0\" verticalCenter=\"0\" textColor=\"0xff0000\"/>\n</e:Skin>"
    },
    {
      "path": "resource/skins/login/LoginInput.exml",
      "content": "<?xml version=\"1.0\" encoding=\"utf-8\"?>\n<e:Skin class=\"loginInput\" width=\"640\" height=\"490\" xmlns:e=\"http://ns.egret.com/eui\" xmlns:DLG=\"DLG.*\" xmlns:w=\"http://ns.egret.com/wing\" xmlns:ns1=\"*\">\n\t<DLG:CRect width=\"640\" height=\"490\" x=\"0\" y=\"0\" anchorOffsetX=\"0\" anchorOffsetY=\"0\" fillColor=\"0x141619\"/>\n\t<DLG:CLabel text=\"服务器\" x=\"76\" y=\"50\" anchorOffsetX=\"0\" fontFamily=\"SimHei\"/>\n\t<DLG:CLabel text=\"用户名\" x=\"76\" y=\"120\" anchorOffsetX=\"0\" fontFamily=\"SimHei\"/>\n\t<DLG:CLabel text=\"密码\" x=\"76\" y=\"190\" anchorOffsetX=\"0\" fontFamily=\"SimHei\" width=\"90\" textAlign=\"center\"/>\n\t<DLG:CRect width=\"300\" height=\"40\" x=\"195\" y=\"115\" fillColor=\"0xffffff\"/>\n\t<DLG:CRect width=\"300\" height=\"40\" x=\"195\" y=\"45\" fillColor=\"0xFFFFFF\"/>\n\t<DLG:CRect width=\"300\" height=\"40\" x=\"195\" y=\"185\" fillColor=\"0xFFFFFF\"/>\n\t<DLG:CTextInput id=\"serverId\" x=\"195\" y=\"45\" skinName=\"TextInput\"/>\n\t<DLG:CTextInput id=\"userName\" x=\"195\" y=\"115\" skinName=\"TextInput\"/>\n\t<DLG:CTextInput id=\"password\" x=\"195\" y=\"185\" skinName=\"TextInput\"/>\n\t<DLG:CButton id=\"confirmBtn\" width=\"200\" height=\"50\" skinName=\"LoginBtn\" horizontalCenter=\"0\" verticalCenter=\"79\"/>\n</e:Skin>"
    },
    {
      "path": "resource/skins/login/SelectBtn.exml",
      "content": "<?xml version=\"1.0\" encoding=\"utf-8\"?>\n<e:Skin class=\"SelectBtn\" width=\"131\" height=\"45\" xmlns:e=\"http://ns.egret.com/eui\" xmlns:DLG=\"DLG.*\" xmlns:w=\"http://ns.egret.com/wing\">\n\t<DLG:CImage id=\"up_mc\" width=\"131\" height=\"44\" source=\"Login_json.Login_yellowBtnDark_png\" verticalCenter=\"0\" horizontalCenter=\"0\"/>\n\t<DLG:CImage id=\"select_mc\" width=\"131\" height=\"44\" verticalCenter=\"0\" horizontalCenter=\"0\" source=\"Login_json.Login_yellowBtnBright_png\"/>\n\t<DLG:CLabel id=\"serverType\" text=\"区服\" width=\"131\" height=\"44\" textAlign=\"center\" verticalAlign=\"middle\" fontFamily=\"KaiTi\" horizontalCenter=\"0\" size=\"25\" textColor=\"0xfff2cb\" verticalCenter=\"0\"/>\n</e:Skin>"
    },
    {
      "path": "resource/skins/login/SelectServer.exml",
      "content": "<?xml version=\"1.0\" encoding=\"utf-8\"?>\n<e:Skin class=\"SelectServer\" width=\"640\" height=\"960\" xmlns:e=\"http://ns.egret.com/eui\" xmlns:DLG=\"DLG.*\" xmlns:w=\"http://ns.egret.com/wing\" xmlns:ns1=\"*\" xmlns:panel=\"panel.*\">\n\t<DLG:CRect width=\"640\" height=\"960\" x=\"0\" y=\"0\" fillAlpha=\"0.3\"/>\n\t<DLG:CImage width=\"528\" height=\"770\" y=\"100\" anchorOffsetX=\"0\" anchorOffsetY=\"0\" scale9Grid=\"35,32,35,35\" horizontalCenter=\"0\" source=\"Login_json.Login_smeltBg_png\"/>\n\t<DLG:CImage x=\"44.5\" y=\"64\" source=\"Login_json.Login_WndHead_png\"/>\n\t<DLG:CBmpButton id=\"btn_close\" anchorOffsetX=\"0\" anchorOffsetY=\"0\" skinName=\"CloseBtn\" horizontalCenter=\"253\" verticalCenter=\"-379.5\"/>\n\t<DLG:CList id=\"serverList\" width=\"347\" height=\"700\" x=\"218\" y=\"134\" anchorOffsetX=\"0\" anchorOffsetY=\"0\" itemRendererSkinName=\"SelectServerItem\">\n\t\t<e:layout>\n\t\t\t<e:VerticalLayout gap=\"10\"/>\n\t\t</e:layout>\n\t</DLG:CList>\n\t<DLG:CList id=\"selectList\" width=\"134\" height=\"200\" x=\"74\" anchorOffsetX=\"0\" y=\"136\">\n\t\t<e:layout>\n\t\t\t<e:VerticalLayout gap=\"5\"/>\n\t\t</e:layout>\n\t</DLG:CList>\n</e:Skin>"
    },
    {
      "path": "resource/skins/login/SelectServerBtn.exml",
      "content": "<?xml version=\"1.0\" encoding=\"utf-8\"?>\n<e:Skin class=\"SelectServerBtn\" width=\"80\" height=\"30\" xmlns:e=\"http://ns.egret.com/eui\" xmlns:DLG=\"DLG.*\" xmlns:w=\"http://ns.egret.com/wing\">\n\t<DLG:CLabel id=\"label_txt\" text=\"选区\" x=\"0\" y=\"0\" width=\"80\" textAlign=\"center\" verticalAlign=\"middle\" fontFamily=\"KaiTi\" textColor=\"0x72f70c\"/>\n</e:Skin>"
    },
    {
      "path": "resource/skins/login/SelectServerItem.exml",
      "content": "<?xml version=\"1.0\" encoding=\"utf-8\"?>\n<e:Skin class=\"SelectServerItem\" width=\"344\" height=\"50\" xmlns:e=\"http://ns.egret.com/eui\" xmlns:DLG=\"DLG.*\" xmlns:w=\"http://ns.egret.com/wing\">\n\t<DLG:CImage width=\"337\" height=\"50\" scale9Grid=\"15,15,22,22\" horizontalCenter=\"0\" verticalCenter=\"0\" source=\"Login_json.Login_panelSkin1_png\"/>\n\t<DLG:CLabel id=\"serverName\" text=\"\" x=\"43.5\" y=\"0\" size=\"22\" fontFamily=\"KaiTi\" textAlign=\"center\" anchorOffsetX=\"0\" width=\"258\" anchorOffsetY=\"0\" height=\"50\" verticalAlign=\"middle\"/>\n\t<DLG:CGroup width=\"200\" height=\"200\" x=\"161\" y=\"93\">\n\t\t<e:layout>\n\t\t\t\t<e:HorizontalLayout/>\n\t\t\t</e:layout>\n\n\t</DLG:CGroup>\n</e:Skin>"
    },
    {
      "path": "resource/skins/login/startBtn.exml",
      "content": "<?xml version=\"1.0\" encoding=\"utf-8\"?>\n<e:Skin class=\"startBtn\" width=\"135\" height=\"125\" xmlns:e=\"http://ns.egret.com/eui\" xmlns:DLG=\"DLG.*\" xmlns:w=\"http://ns.egret.com/wing\">\n\t<DLG:CImage anchorOffsetX=\"0\" anchorOffsetY=\"0\" source=\"Login_json.Login_start_png\"/>\n</e:Skin>"
    },
    {
      "path": "resource/skins/login/Server.exml",
      "content": "<?xml version=\"1.0\" encoding=\"utf-8\"?>\n<e:Skin class=\"Server\" width=\"640\" height=\"960\" xmlns:e=\"http://ns.egret.com/eui\" xmlns:DLG=\"DLG.*\" xmlns:w=\"http://ns.egret.com/wing\">\n\t<DLG:CBigImage id=\"loginBg\" width=\"640\" height=\"960\" x=\"0\" y=\"0\" source=\"loginBg_jpg\"/>\n\t<DLG:CBmpButton id=\"btn_start\" skinName=\"startBtn\" horizontalCenter=\"0.5\" verticalCenter=\"351.5\"/>\n\t<DLG:CGroup id=\"serverGroup\" width=\"324\" height=\"74\" y=\"637\" anchorOffsetX=\"0\" horizontalCenter=\"0\">\n\t\t<DLG:CImage x=\"0\" y=\"0\" anchorOffsetX=\"0\" anchorOffsetY=\"0\" scaleX=\"1\" scaleY=\"1\" source=\"Login_json.Login_areaBg_png\"/>\n\t\t<DLG:CLabel id=\"serverName\" text=\"一区（新区）\" x=\"21\" y=\"23\" anchorOffsetX=\"0\" width=\"210\" anchorOffsetY=\"0\" fontFamily=\"KaiTi\" size=\"28\" textAlign=\"left\" scaleX=\"1\" scaleY=\"1\"/>\n\t\t<DLG:CButton id=\"selectServerBtn\" width=\"80\" height=\"30\" x=\"229.5\" y=\"22\" skinName=\"SelectServerBtn\"/>\n\t</DLG:CGroup>\n</e:Skin>"
    },
    {
      "path": "resource/skins/login/TabBarItem.exml",
      "content": "<?xml version=\"1.0\" encoding=\"utf-8\"?>\n<e:Skin class=\"TabBarItem\" width=\"131\" height=\"44\" xmlns:e=\"http://ns.egret.com/eui\" xmlns:DLG=\"DLG.*\" xmlns:w=\"http://ns.egret.com/wing\">\n\t<DLG:CButton id=\"itemBtn\" skinName=\"SelectBtn\"/>\n</e:Skin>"
    },
    {
      "path": "resource/skins/mainUi/MainUIBtn.exml",
      "content": "<?xml version=\"1.0\" encoding=\"utf-8\"?>\n<e:Skin class=\"MainBtn\" width=\"100\" height=\"100\" xmlns:e=\"http://ns.egret.com/eui\" xmlns:DLG=\"DLG.*\" xmlns:w=\"http://ns.egret.com/wing\">\n\t<DLG:CLabel id=\"label_txt\" text=\"登录\" anchorOffsetX=\"0\" width=\"100\" fontFamily=\"KaiTi\" textAlign=\"center\" horizontalCenter=\"0\" verticalCenter=\"0\" textColor=\"0xff0000\"/>\n\t<DLG:CImage id=\"img\" width=\"100\" height=\"100\" scale9Grid=\"15,15,22,22\" source=\"Login_json.Login_panelSkin1_png\" anchorOffsetY=\"0\" x=\"0\" y=\"0\"/>\n</e:Skin>"
    },
    {
      "path": "resource/skins/mainUi/MainUITabBarItem.exml",
      "content": "<?xml version=\"1.0\" encoding=\"utf-8\"?>\n<e:Skin class=\"MainUITabBarItem\" width=\"99\" height=\"90\" xmlns:e=\"http://ns.egret.com/eui\" xmlns:DLG=\"DLG.*\" xmlns:w=\"http://ns.egret.com/wing\">\n\t<DLG:CButton id=\"btn\" width=\"99\" height=\"90\" horizontalCenter=\"0\" y=\"0\" skinName=\"MainBtn\"/>\n</e:Skin>"
    },
    {
      "path": "resource/skins/mainUi/MainUIView.exml",
      "content": "<?xml version=\"1.0\" encoding=\"utf-8\"?>\n<e:Skin class=\"MainUI\" width=\"640\" height=\"960\" xmlns:e=\"http://ns.egret.com/eui\" xmlns:DLG=\"DLG.*\" xmlns:w=\"http://ns.egret.com/wing\" xmlns:ns1=\"*\" xmlns:panel=\"panel.*\">\n\t<DLG:CGroup id=\"top_box\" x=\"0\" y=\"0\" width=\"640\">\n\t\t<DLG:CGroup id=\"top_left\" width=\"0\" height=\"0\" x=\"0\" y=\"0\" scaleX=\"1\" scaleY=\"1\">\n\t\t\t<DLG:CImage anchorOffsetY=\"0\" anchorOffsetX=\"0\" x=\"-7\" y=\"-3\" source=\"mainTop_bg_img1_png\" scale9Grid=\"306,14,15,18\" width=\"657\" scaleX=\"1\" scaleY=\"1\"/>\n\t\t\t<DLG:CImage anchorOffsetY=\"0\" x=\"8.33\" y=\"0.32\" anchorOffsetX=\"0\" scale9Grid=\"0,0,157,149\" source=\"mainTop_head_bg_png\" scaleX=\"1\" scaleY=\"1\"/>\n\t\t\t<DLG:CImage anchorOffsetY=\"0\" scale9Grid=\"0,0,26,32\" anchorOffsetX=\"0\" x=\"19.33\" y=\"3.32\" source=\"mainTop_head_img_png\" scaleX=\"1\" scaleY=\"1\"/>\n\t\t\t<DLG:CImage anchorOffsetY=\"0\" scale9Grid=\"0,0,26,32\" anchorOffsetX=\"0\" x=\"14.43\" y=\"75.32\" source=\"mainTop_bg4_png\" scaleX=\"1\" scaleY=\"1\"/>\n\t\t\t<DLG:CImage anchorOffsetY=\"0\" scale9Grid=\"0,0,26,32\" anchorOffsetX=\"0\" x=\"374.34\" y=\"7.5\" source=\"mainTop_name_bg_png\" scaleX=\"1\" scaleY=\"1\"/>\n\t\t\t<DLG:CImage anchorOffsetY=\"0\" scale9Grid=\"0,0,26,32\" anchorOffsetX=\"0\" x=\"511.34\" y=\"7.5\" source=\"mainTop_name_bg_png\" scaleX=\"1\" scaleY=\"1\"/>\n\t\t\t<DLG:CImage anchorOffsetY=\"0\" scale9Grid=\"0,0,26,32\" anchorOffsetX=\"0\" x=\"93.98\" y=\"0\" scaleX=\"1\" scaleY=\"1\" source=\"mainTop_power_img_png\"/>\n\t\t\t<DLG:CImage anchorOffsetY=\"0\" scale9Grid=\"0,0,26,32\" anchorOffsetX=\"0\" x=\"133.14\" y=\"12\" scaleX=\"1\" scaleY=\"1\" source=\"mainTop_num_6_png\"/>\n\t\t\t<DLG:CImage anchorOffsetY=\"0\" scale9Grid=\"0,0,26,32\" anchorOffsetX=\"0\" x=\"147.99\" y=\"12\" scaleX=\"1\" scaleY=\"1\" source=\"mainTop_num_1_png\"/>\n\t\t\t<DLG:CImage anchorOffsetY=\"0\" scale9Grid=\"0,0,26,32\" anchorOffsetX=\"0\" x=\"162.95\" y=\"12\" scaleX=\"1\" scaleY=\"1\" source=\"mainTop_num_9_png\"/>\n\t\t\t<DLG:CImage anchorOffsetY=\"0\" scale9Grid=\"0,0,26,32\" anchorOffsetX=\"0\" x=\"364.75\" y=\"8\" scaleX=\"1\" scaleY=\"1\" source=\"mainTop_money1_png\"/>\n\t\t\t<DLG:CImage anchorOffsetY=\"0\" scale9Grid=\"0,0,26,32\" anchorOffsetX=\"0\" x=\"501.54\" y=\"8\" scaleX=\"1\" scaleY=\"1\" source=\"mainTop_money2_png\"/>\n\t\t\t<DLG:CLabel text=\"100\" x=\"530\" y=\"12\" anchorOffsetY=\"0\" size=\"20\" fontFamily=\"KaiTi\" scaleX=\"1\" scaleY=\"1\" anchorOffsetX=\"0\"/>\n\t\t\t<DLG:CLabel text=\"253\" x=\"396.17\" y=\"12\" anchorOffsetY=\"0\" size=\"20\" fontFamily=\"KaiTi\" scaleX=\"1\" scaleY=\"1\" anchorOffsetX=\"0\"/>\n\t\t</DLG:CGroup>\n\t\t<DLG:CGroup id=\"top_right\" width=\"0\" height=\"0\" x=\"0\" y=\"0\" scaleX=\"1\" scaleY=\"1\">\n\t\t\t<DLG:CImage y=\"35.81\" anchorOffsetX=\"0\" anchorOffsetY=\"0\" scale9Grid=\"35,32,35,35\" x=\"438.34\" scaleX=\"1\" scaleY=\"1\" source=\"mainTop_fight_bg_png\"/>\n\t\t\t<DLG:CLabel id=\"title_txt\" text=\"Label\" x=\"450\" y=\"57\" width=\"105\" size=\"20\" textAlign=\"center\" fontFamily=\"KaiTi\" scaleX=\"1\" scaleY=\"1\" anchorOffsetX=\"0\"/>\n\t\t\t<DLG:CLabel id=\"des_txt\" text=\"Label\" x=\"453.71\" y=\"88.31\" width=\"80.33\" anchorOffsetY=\"0\" height=\"54\" size=\"18\" fontFamily=\"KaiTi\" scaleX=\"1\" scaleY=\"1\" anchorOffsetX=\"0\" textAlign=\"center\"/>\n\t\t</DLG:CGroup>\n\t</DLG:CGroup>\n\t<DLG:CGroup id=\"bottom_box\" x=\"65\" y=\"858.5\">\n\t\t<DLG:CImage y=\"0\" anchorOffsetX=\"0\" anchorOffsetY=\"0\" scale9Grid=\"35,32,35,35\" x=\"0\" scaleX=\"1\" scaleY=\"1\" source=\"mainTop_bg3_png\"/>\n\t\t<DLG:CList id=\"mainList\" width=\"461\" height=\"89.4\" anchorOffsetX=\"0\" anchorOffsetY=\"0\" itemRendererSkinName=\"MainUITabBarItem\" x=\"15\" y=\"10\" scaleX=\"1\" scaleY=\"1\">\n\t\t<e:layout>\n\t\t\t<e:VerticalLayout gap=\"10\"/>\n\t\t</e:layout>\n\t\t</DLG:CList>\n\t</DLG:CGroup>\n</e:Skin>"
    },
    {
      "path": "resource/skins/mission/MissionItemSkin.exml",
      "content": "<?xml version=\"1.0\" encoding=\"utf-8\"?>\n<e:Skin class=\"MissionItemSkin\" xmlns:e=\"http://ns.egret.com/eui\" xmlns:DLG=\"DLG.*\" xmlns:w=\"http://ns.egret.com/wing\" width=\"504\">\n\t<DLG:CImage id=\"bg_img\" anchorOffsetY=\"0\" x=\"0\" y=\"0\" scale9Grid=\"21,19,13,11\" anchorOffsetX=\"0\" source=\"mission_bg1_png\"/>\n\t<DLG:CLabel id=\"label_txt1\" text=\"星斗森林外围（一）\" anchorOffsetX=\"0\" width=\"296\" fontFamily=\"KaiTi\" textAlign=\"left\" horizontalCenter=\"-49\" verticalCenter=\"0.5\" size=\"28\" anchorOffsetY=\"0\" height=\"34\" textColor=\"0x070707\" bold=\"true\"/>\n\t<DLG:CLabel id=\"label_txt2\" text=\"（3000年魂兽）\" anchorOffsetX=\"0\" width=\"167\" fontFamily=\"KaiTi\" textAlign=\"right\" size=\"20\" anchorOffsetY=\"0\" height=\"23\" textColor=\"0x070707\" bold=\"true\" x=\"303\" y=\"58\"/>\n\t<DLG:CImage id=\"mask_img\" anchorOffsetY=\"0\" x=\"0\" y=\"0\" scale9Grid=\"21,19,13,11\" anchorOffsetX=\"0\" source=\"mission_bg_black_png\"/>\n\t<DLG:CImage id=\"arrow_img\" scale9Grid=\"15,15,22,22\" anchorOffsetY=\"0\" x=\"-3.6\" y=\"103\" source=\"guide_arrow_png\" scaleX=\"1\" scaleY=\"1\" rotation=\"270.77\"/>\n</e:Skin>"
    },
    {
      "path": "resource/skins/mission/MissionResultViewSkin.exml",
      "content": "<?xml version=\"1.0\" encoding=\"utf-8\"?>\n<e:Skin class=\"MissionResultViewSkin\" width=\"640\" height=\"960\" xmlns:e=\"http://ns.egret.com/eui\" xmlns:DLG=\"DLG.*\" xmlns:w=\"http://ns.egret.com/wing\" xmlns:ns1=\"*\" xmlns:panel=\"panel.*\">\n\t<DLG:CRect width=\"900\" height=\"1600\" fillAlpha=\"0.7\" horizontalCenter=\"0\" verticalCenter=\"0\"/>\n\t<DLG:CImage y=\"135.17\" anchorOffsetX=\"0\" anchorOffsetY=\"0\" source=\"mission_result_bg_png\" scale9Grid=\"288,447,11,171\" horizontalCenter=\"-1.5\"/>\n\t<DLG:CList id=\"list\" width=\"334\" height=\"205\" anchorOffsetX=\"0\" anchorOffsetY=\"0\" x=\"178\" y=\"480\" itemRendererSkinName=\"BagItemSkin\">\n\t\t<DLG:layout>\n\t\t<e:VerticalLayout gap=\"10\"/>\n\t\t</DLG:layout>\n\t</DLG:CList>\n\t<DLG:CLabel text=\"85000\" anchorOffsetX=\"0\" fontFamily=\"KaiTi\" textAlign=\"left\" horizontalCenter=\"19\" verticalCenter=\"-59\" size=\"20\" textColor=\"0x2a3940\"/>\n\t<DLG:CButton id=\"close_btn\" width=\"150\" height=\"60\" horizontalCenter=\"-8\" y=\"733\" skinName=\"BagBtnSkin\" anchorOffsetX=\"0\"/>\n</e:Skin>"
    },
    {
      "path": "resource/skins/text/TipsItem.exml",
      "content": "<?xml version=\"1.0\" encoding=\"utf-8\"?>\n<e:Skin class=\"TipsItem\" states=\"normal,disabled,normalWithPrompt,disabledWithPrompt\" xmlns:e=\"http://ns.egret.com/eui\" xmlns:w=\"http://ns.egret.com/wing\" xmlns:DLG=\"DLG.*\">\n\t<DLG:CLabel id=\"label_txt\" text=\"规则说明\" x=\"20.67\" y=\"2.31\" size=\"18\" anchorOffsetY=\"0\" height=\"19.67\" textColor=\"0xffeea0\" fontFamily=\"KaiTi\"/>\n\t<DLG:CImage x=\"0\" y=\"0\" source=\"common_tip_icon_png\"/>\n</e:Skin>"
    },
    {
      "path": "resource/skins/mission/MissionViewSkin.exml",
      "content": "<?xml version=\"1.0\" encoding=\"utf-8\"?>\n<e:Skin class=\"MissionViewSkin\" width=\"640\" height=\"960\" xmlns:e=\"http://ns.egret.com/eui\" xmlns:DLG=\"DLG.*\" xmlns:w=\"http://ns.egret.com/wing\" xmlns:ns1=\"*\" xmlns:panel=\"panel.*\">\n\t<DLG:CRect width=\"900\" height=\"1600\" fillAlpha=\"0.7\" horizontalCenter=\"0\" verticalCenter=\"0\"/>\n\t<DLG:CImage y=\"0\" anchorOffsetX=\"0\" anchorOffsetY=\"0\" horizontalCenter=\"0\" height=\"960\" scale9Grid=\"299,447,34,171\" source=\"common_panel_bg_png\"/>\n\t<DLG:CImage anchorOffsetX=\"0\" anchorOffsetY=\"0\" scale9Grid=\"299,447,34,171\" horizontalCenter=\"1\" verticalCenter=\"-457.5\" source=\"mission_title_png\"/>\n\t<DLG:CButton id=\"back_btn\" width=\"74\" height=\"83\" horizontalCenter=\"-199\" y=\"828.72\" x=\"10\" skinName=\"BackBtnSkin\"/>\n\t<DLG:CButton id=\"close_btn\" width=\"52\" height=\"52\" horizontalCenter=\"263\" y=\"7.19\" x=\"20\" skinName=\"CloseBtn\"/>\n\t<DLG:CButton id=\"tipLab\" width=\"542\" height=\"21\" horizontalCenter=\"35\" y=\"775\" x=\"60\" skinName=\"TipsItem\" anchorOffsetX=\"0\" anchorOffsetY=\"0\"/>\n\t<DLG:CLabel text=\"挑战次数：\" anchorOffsetX=\"0\" fontFamily=\"KaiTi\" textAlign=\"left\" horizontalCenter=\"-179\" verticalCenter=\"-392\" size=\"24\" textColor=\"0xffeea0\"/>\n\t<DLG:CButton id=\"vip_btn\" width=\"116\" height=\"40\" horizontalCenter=\"182\" y=\"65\" skinName=\"BagBtnSkin\" anchorOffsetX=\"0\" visible=\"false\"/>\n\t<DLG:CComponent id=\"addItem\" width=\"100\" height=\"32\" x=\"197\" y=\"72\" anchorOffsetY=\"0\" skinName=\"AddItemSkin\"/>\n\t<DLG:CList id=\"list\" width=\"500\" height=\"660\" anchorOffsetX=\"0\" anchorOffsetY=\"0\" x=\"75\" y=\"105\" itemRendererSkinName=\"MissionItemSkin\">\n\t\t<e:layout>\n\t\t<e:VerticalLayout gap=\"10\"/>\n\t\t</e:layout>\n\t</DLG:CList>\n</e:Skin>"
    },
    {
      "path": "resource/skins/pvpMatch/PvpMatchItemSkin.exml",
      "content": "<?xml version=\"1.0\" encoding=\"utf-8\"?>\n<e:Skin class=\"PvpMatchItemSkin\" xmlns:e=\"http://ns.egret.com/eui\" xmlns:DLG=\"DLG.*\" xmlns:w=\"http://ns.egret.com/wing\">\n\t<DLG:CImage id=\"bg_img\" anchorOffsetY=\"0\" x=\"0\" y=\"0\" scale9Grid=\"21,19,13,11\" source=\"pvp_head_bg1_png\"/>\n\t<DLG:CImage id=\"icon_img\" anchorOffsetY=\"0\" x=\"38\" y=\"2\" scaleX=\"0.8\" scaleY=\"0.8\" scale9Grid=\"0,0,26,32\" source=\"pvp_head_1_png\"/>\n\t<DLG:CImage id=\"icon_title\" anchorOffsetY=\"0\" x=\"37.2\" y=\"139\" scaleX=\"0.8\" scaleY=\"0.8\" scale9Grid=\"0,0,26,32\" source=\"pvp_lv_img_png\"/>\n\t<DLG:CLabel id=\"label_txt\" text=\"登录\" anchorOffsetX=\"0\" width=\"71\" fontFamily=\"KaiTi\" textAlign=\"left\" horizontalCenter=\"52.5\" verticalCenter=\"69.5\" size=\"18\" textColor=\"0xffffff\"/>\n</e:Skin>"
    },
    {
      "path": "resource/skins/pvpMatch/PvpMatchItemSkin1.exml",
      "content": "<?xml version=\"1.0\" encoding=\"utf-8\"?>\n<e:Skin class=\"PvpMatchItemSkin1\" xmlns:e=\"http://ns.egret.com/eui\" xmlns:DLG=\"DLG.*\" xmlns:w=\"http://ns.egret.com/wing\">\n\t<DLG:CImage id=\"bg_img\" anchorOffsetY=\"0\" x=\"176\" y=\"1\" scale9Grid=\"21,19,13,11\" source=\"pvp_head_bg1_png\" scaleX=\"-1\"/>\n\t<DLG:CImage id=\"icon_img\" anchorOffsetY=\"0\" x=\"14\" y=\"3\" scaleX=\"0.8\" scaleY=\"0.8\" scale9Grid=\"0,0,26,32\" source=\"pvp_head_2_png\"/>\n\t<DLG:CImage id=\"icon_title\" anchorOffsetY=\"0\" x=\"11.2\" y=\"139\" scaleX=\"0.8\" scaleY=\"0.8\" scale9Grid=\"0,0,26,32\" source=\"pvp_lv_img_png\"/>\n\t<DLG:CLabel id=\"label_txt\" text=\"封路的如花\" anchorOffsetX=\"0\" width=\"95\" fontFamily=\"KaiTi\" textAlign=\"left\" horizontalCenter=\"36.5\" verticalCenter=\"69.5\" size=\"18\" textColor=\"0xffffff\"/>\n</e:Skin>"
    },
    {
      "path": "resource/skins/pvpMatch/PvpMatchViewSkin.exml",
      "content": "<?xml version=\"1.0\" encoding=\"utf-8\"?>\n<e:Skin class=\"PvpMatchViewSkin\" width=\"640\" height=\"960\" xmlns:e=\"http://ns.egret.com/eui\" xmlns:DLG=\"DLG.*\" xmlns:w=\"http://ns.egret.com/wing\" xmlns:ns1=\"*\" xmlns:panel=\"panel.*\" xmlns:game=\"game.*\">\n\t<DLG:CRect width=\"900\" height=\"1600\" fillAlpha=\"0.7\" horizontalCenter=\"0\" verticalCenter=\"0\"/>\n\t<DLG:CImage y=\"0\" anchorOffsetX=\"0\" anchorOffsetY=\"0\" horizontalCenter=\"0\" height=\"960\" scale9Grid=\"299,447,34,171\" source=\"common_panel_bg_png\" locked=\"true\"/>\n\t<DLG:CImage anchorOffsetX=\"0\" anchorOffsetY=\"0\" scale9Grid=\"299,447,34,171\" horizontalCenter=\"1\" verticalCenter=\"-457.5\" source=\"pvp_title_png\" locked=\"true\"/>\n\t<DLG:CButton id=\"back_btn\" width=\"74\" height=\"83\" horizontalCenter=\"-199\" y=\"828.72\" x=\"10\" skinName=\"BackBtnSkin\" locked=\"true\"/>\n\t<DLG:CButton id=\"close_btn\" width=\"52\" height=\"52\" horizontalCenter=\"263\" y=\"7.19\" x=\"20\" skinName=\"CloseBtn\" locked=\"true\"/>\n\t<DLG:CButton id=\"tipLab\" width=\"470\" height=\"19\" horizontalCenter=\"-6\" y=\"741\" x=\"60\" skinName=\"TipsItem\" anchorOffsetX=\"0\" anchorOffsetY=\"0\"/>\n\t<DLG:CLabel text=\"赛季时间：\" anchorOffsetX=\"0\" fontFamily=\"KaiTi\" textAlign=\"left\" horizontalCenter=\"-101\" verticalCenter=\"-395\" size=\"20\" textColor=\"0xffeea0\"/>\n\t<DLG:CLabel id=\"pvp_time\" text=\"3月25日5点 - 4月25日5点\" anchorOffsetX=\"0\" width=\"306.67\" fontFamily=\"KaiTi\" horizontalCenter=\"103.5\" verticalCenter=\"-394\" size=\"20\" textColor=\"0x04f90d\"/>\n\t<DLG:CImage x=\"77\" y=\"108.5\" anchorOffsetX=\"0\" anchorOffsetY=\"0\" source=\"pvp_top_bg_png\" locked=\"true\"/>\n\t<DLG:CImage anchorOffsetX=\"0\" anchorOffsetY=\"0\" scale9Grid=\"299,447,34,171\" horizontalCenter=\"4.5\" verticalCenter=\"39\" source=\"pvp_bg_png\" locked=\"true\"/>\n\t<DLG:CImage anchorOffsetX=\"0\" anchorOffsetY=\"0\" scale9Grid=\"299,447,34,171\" horizontalCenter=\"-26.5\" verticalCenter=\"-112\" source=\"pvp_title_png\" locked=\"true\"/>\n\t<DLG:CLabel id=\"pvp_title_txt\" text=\"铜斗魂\" anchorOffsetX=\"0\" fontFamily=\"KaiTi\" textAlign=\"left\" horizontalCenter=\"68\" verticalCenter=\"-110\" size=\"22\" textColor=\"0x442c2c\" bold=\"true\"/>\n\t<DLG:CLabel id=\"pvp_match_lab\" text=\"赛季场次：0\" anchorOffsetX=\"0\" width=\"144\" fontFamily=\"KaiTi\" textAlign=\"left\" horizontalCenter=\"-88\" verticalCenter=\"1\" bold=\"true\" size=\"22\" textColor=\"0x2a3940\"/>\n\t<DLG:CLabel id=\"pvp_winTimes\" text=\"赛季胜场：10\" anchorOffsetX=\"0\" width=\"144\" fontFamily=\"KaiTi\" textAlign=\"left\" horizontalCenter=\"107\" verticalCenter=\"5\" bold=\"true\" size=\"22\" textColor=\"0x2a3940\"/>\n\t<DLG:CLabel id=\"pvp_resTimes\" text=\"剩余次数：\" x=\"160\" y=\"519\" anchorOffsetX=\"0\" textAlign=\"left\" size=\"22\" anchorOffsetY=\"0\" height=\"23\" verticalAlign=\"top\" textColor=\"0x2a3940\" fontFamily=\"KaiTi\" bold=\"true\"/>\n\t<DLG:CComponent id=\"item1\" x=\"83\" y=\"135\" skinName=\"PvpMatchItemSkin\"/>\n\t<DLG:CComponent id=\"item2\" x=\"392\" y=\"135\" scaleX=\"1\" skinName=\"PvpMatchItemSkin1\"/>\n\t<DLG:CComponent id=\"barItem\" x=\"140.5\" y=\"423\" anchorOffsetY=\"0\" skinName=\"BarItemSkin\"/>\n\t<DLG:CComponent id=\"addItem\" width=\"100\" height=\"32\" x=\"273\" y=\"514\" anchorOffsetY=\"0\" skinName=\"AddItemSkin\"/>\n\t<DLG:CButton id=\"vip_btn\" width=\"147\" height=\"51\" horizontalCenter=\"-5.5\" y=\"605\" skinName=\"BagBtnSkin\" anchorOffsetX=\"0\"/>\n</e:Skin>"
    },
    {
      "path": "resource/skins/weapon/WeaponItemSkin.exml",
      "content": "<?xml version=\"1.0\" encoding=\"utf-8\"?>\n<e:Skin class=\"WeaponItemSkin\" xmlns:e=\"http://ns.egret.com/eui\" xmlns:DLG=\"DLG.*\" xmlns:w=\"http://ns.egret.com/wing\" xmlns:game=\"game.*\">\n\t<DLG:CGroup x=\"0\" y=\"0\">\n\t\t<DLG:CImage anchorOffsetY=\"0\" x=\"6.2\" y=\"11.8\" anchorOffsetX=\"0\" source=\"weapon_head_bg_png\" scale9Grid=\"0,0,157,149\" scaleX=\"1\" scaleY=\"1\"/>\n\t\t<DLG:CImage id=\"select_mc\" anchorOffsetY=\"0\" scale9Grid=\"0,0,26,32\" anchorOffsetX=\"0\" y=\"0\" x=\"0\" source=\"weapon_head_bg1_png\" scaleX=\"1\" scaleY=\"1\"/>\n\t\t<DLG:CImage id=\"icon_img\" anchorOffsetY=\"0\" scale9Grid=\"0,0,26,32\" anchorOffsetX=\"0\" source=\"head_icon2_png\" y=\"14.5\" x=\"23\" scaleX=\"1\" scaleY=\"1\"/>\n\t\t<DLG:CImage id=\"icon_lock\" anchorOffsetY=\"0\" scale9Grid=\"0,0,26,32\" anchorOffsetX=\"0\" y=\"27.5\" x=\"31.700000000000003\" source=\"weapon_lock_png\" scaleX=\"1\" scaleY=\"1\"/>\n\t\t<DLG:CImage id=\"new_icon\" anchorOffsetY=\"0\" scale9Grid=\"0,0,26,32\" anchorOffsetX=\"0\" source=\"weapon_new_icon_png\" y=\"3.2\" x=\"15\" scaleX=\"1\" scaleY=\"1\"/>\n\t\t<DLG:CImage id=\"title_img\" anchorOffsetY=\"0\" anchorOffsetX=\"0\" source=\"weapon_head_title_png\" y=\"84\" scaleX=\"1\" scaleY=\"1\" scale9Grid=\"42,5,7,12\" width=\"102.03\" height=\"25.33\" horizontalCenter=\"1\"/>\n\t\t<DLG:CLabel id=\"label_txt\" text=\"暴雨梨花针\" anchorOffsetX=\"0\" width=\"82.5\" fontFamily=\"KaiTi\" textAlign=\"center\" size=\"16\" x=\"13.700000000000001\" y=\"86.3\" textColor=\"0x000000\" scaleX=\"1\" scaleY=\"1\"/>\n\t\t<DLG:CImage id=\"name_img\" y=\"85.97\" anchorOffsetX=\"0\" anchorOffsetY=\"0\" scale9Grid=\"299,447,34,171\" scaleX=\"0.55\" scaleY=\"0.55\" horizontalCenter=\"1\" x=\"38\" source=\"weapon_title_4_png\"/>\n\t</DLG:CGroup>\n</e:Skin>"
    },
    {
      "path": "resource/skins/weapon/WeaponView.exml",
      "content": "<?xml version=\"1.0\" encoding=\"utf-8\"?>\n<e:Skin class=\"WeaponView1\" width=\"640\" height=\"960\" xmlns:e=\"http://ns.egret.com/eui\" xmlns:DLG=\"DLG.*\" xmlns:w=\"http://ns.egret.com/wing\" xmlns:ns1=\"*\" xmlns:panel=\"panel.*\" xmlns:game=\"game.*\">\n\t<DLG:CRect width=\"900\" height=\"1600\" fillAlpha=\"0.7\" horizontalCenter=\"0\" verticalCenter=\"0\"/>\n\t<DLG:CImage y=\"0\" anchorOffsetX=\"0\" anchorOffsetY=\"0\" horizontalCenter=\"0\" height=\"960\" scale9Grid=\"299,447,34,171\" source=\"common_panel_bg_png\" locked=\"true\"/>\n\t<DLG:CImage y=\"6\" anchorOffsetX=\"0\" anchorOffsetY=\"0\" horizontalCenter=\"7\" scale9Grid=\"299,447,34,171\" source=\"weapon_title_png\" locked=\"true\"/>\n\t<DLG:CImage y=\"174\" anchorOffsetX=\"0\" anchorOffsetY=\"0\" horizontalCenter=\"6\" scale9Grid=\"299,447,34,171\" source=\"weapon_bg_png\"/>\n\t<DLG:CImage id=\"weapon_img\" y=\"244\" anchorOffsetX=\"0\" anchorOffsetY=\"0\" scale9Grid=\"299,447,34,171\" x=\"229\" scaleX=\"0.8\" scaleY=\"0.8\" source=\"\"/>\n\t<DLG:CImage id=\"weapon_name\" y=\"505\" anchorOffsetX=\"0\" anchorOffsetY=\"0\" scale9Grid=\"299,447,34,171\" source=\"weapon_title_1_png\" horizontalCenter=\"10\"/>\n\t<DLG:CImage id=\"weapon_activity\" y=\"548\" anchorOffsetX=\"0\" anchorOffsetY=\"0\" scale9Grid=\"299,447,34,171\" source=\"weapon_status_title_png\" horizontalCenter=\"12\"/>\n\t<DLG:CButton id=\"back_btn\" width=\"74\" height=\"83\" horizontalCenter=\"-199\" y=\"828.72\" x=\"10\" skinName=\"BackBtnSkin\"/>\n\t<DLG:CButton id=\"close_btn\" width=\"52\" height=\"52\" horizontalCenter=\"263\" y=\"7.19\" x=\"20\" skinName=\"CloseBtn\"/>\n\t<DLG:CButton id=\"tipLab\" width=\"542\" height=\"21\" horizontalCenter=\"35\" y=\"764\" x=\"60\" skinName=\"TipsItem\" anchorOffsetX=\"0\" anchorOffsetY=\"0\"/>\n\t<DLG:CList id=\"list\" width=\"485\" height=\"126.76\" anchorOffsetX=\"0\" anchorOffsetY=\"0\" x=\"65\" y=\"54.28\" itemRendererSkinName=\"WeaponItemSkin\">\n\t\t<e:layout>\n\t\t<e:VerticalLayout gap=\"10\"/>\n\t\t</e:layout>\n\t</DLG:CList>\n\t<DLG:CGroup width=\"509\" height=\"168\" x=\"76\" y=\"595\" anchorOffsetX=\"0\" anchorOffsetY=\"0\">\n\t\t<DLG:CImage anchorOffsetX=\"0\" anchorOffsetY=\"0\" scale9Grid=\"47,8,4,7\" x=\"0\" y=\"0\" scaleX=\"1\" scaleY=\"1\" source=\"wuHun_bg1_png\" locked=\"true\"/>\n\t\t<DLG:CGroup id=\"leftAttr0\" width=\"200\" height=\"135\" x=\"40\" y=\"25\" anchorOffsetY=\"0\" scaleX=\"1\" scaleY=\"1\">\n\t\t<DLG:CImage anchorOffsetX=\"0\" anchorOffsetY=\"0\" scale9Grid=\"47,8,4,7\" scaleX=\"1\" scaleY=\"1\" source=\"wuHun_title_2_png\" x=\"-21\"/>\n\t\t<DLG:CLabel text=\"暗器属性\" anchorOffsetX=\"0\" width=\"206\" fontFamily=\"KaiTi\" textAlign=\"center\" size=\"24\" textColor=\"0x2A3940\" x=\"-21\" y=\"2\" scaleX=\"1\" scaleY=\"1\" bold=\"true\"/>\n\t\t<DLG:CLabel text=\"生命：\" anchorOffsetX=\"0\" fontFamily=\"KaiTi\" textAlign=\"left\" size=\"20\" x=\"31\" y=\"40\" scaleX=\"1\" scaleY=\"1\" textColor=\"0x2A3940\" bold=\"true\"/>\n\t\t<DLG:CLabel text=\"攻击：\" anchorOffsetX=\"0\" fontFamily=\"KaiTi\" textAlign=\"left\" bold=\"true\" size=\"20\" scaleX=\"1\" scaleY=\"1\" x=\"31\" y=\"73\" textColor=\"0x2A3940\"/>\n\t\t<DLG:CLabel text=\"防御：\" anchorOffsetX=\"0\" fontFamily=\"KaiTi\" textAlign=\"left\" size=\"20\" scaleX=\"1\" scaleY=\"1\" y=\"104\" x=\"31\" textColor=\"0x2A3940\" bold=\"true\"/>\n\t\t<DLG:CLabel id=\"attr_hp\" text=\"+803\" anchorOffsetX=\"0\" fontFamily=\"KaiTi\" textAlign=\"left\" size=\"20\" scaleX=\"1\" scaleY=\"1\" x=\"85.67\" y=\"40\" textColor=\"0x067800\"/>\n\t\t<DLG:CLabel id=\"attr_atk\" text=\"+350\" anchorOffsetX=\"0\" fontFamily=\"KaiTi\" textAlign=\"left\" size=\"20\" scaleX=\"1\" scaleY=\"1\" y=\"73\" x=\"85.67\" textColor=\"0x067800\"/>\n\t\t<DLG:CLabel id=\"attr_def\" text=\"+200\" anchorOffsetX=\"0\" fontFamily=\"KaiTi\" textAlign=\"left\" textColor=\"0x067800\" size=\"20\" scaleX=\"1\" scaleY=\"1\" y=\"104\" x=\"85.67\"/>\n\t\t</DLG:CGroup>\n\t\t<DLG:CGroup id=\"rightAttr0\" width=\"200\" height=\"137\" x=\"280\" y=\"25\" anchorOffsetY=\"0\" scaleX=\"1\" scaleY=\"1\">\n\t\t<DLG:CImage anchorOffsetX=\"0\" anchorOffsetY=\"0\" scale9Grid=\"47,8,4,7\" source=\"wuHun_title_2_png\" scaleX=\"1\" scaleY=\"1\"/>\n\t\t<DLG:CLabel text=\"暗器技能\" anchorOffsetX=\"0\" fontFamily=\"KaiTi\" textAlign=\"center\" bold=\"true\" size=\"24\" textColor=\"0x2A3940\" x=\"0\" y=\"4\" scaleX=\"1\" scaleY=\"1\" verticalAlign=\"justify\" width=\"206\"/>\n\t\t\t<DLG:CLabel id=\"skill_txt\" text=\"对魂力技值最高的地方造成生命伤害\" anchorOffsetX=\"0\" fontFamily=\"KaiTi\" textAlign=\"center\" size=\"20\" x=\"21.5\" y=\"43\" scaleX=\"1\" scaleY=\"1\" textColor=\"0x2A3940\" bold=\"true\" width=\"163\" anchorOffsetY=\"0\" height=\"87\"/>\n\t\t</DLG:CGroup>\n\t</DLG:CGroup>\n\t<DLG:CGroup id=\"vmc_box\" width=\"200\" height=\"200\" x=\"323\" y=\"346\"/>\n</e:Skin>"
    },
    {
      "path": "resource/skins/wuHun/RoleItemSkin.exml",
      "content": "<?xml version=\"1.0\" encoding=\"utf-8\"?>\n<e:Skin class=\"RoleItemSkin\" width=\"97\" height=\"100\" xmlns:e=\"http://ns.egret.com/eui\" xmlns:DLG=\"DLG.*\" xmlns:w=\"http://ns.egret.com/wing\" xmlns:game=\"game.*\">\n\t<DLG:CImage id=\"bg_img\" anchorOffsetY=\"0\" x=\"8\" y=\"11\" anchorOffsetX=\"0\" source=\"wuHun_bg_head_png\" scale9Grid=\"0,0,157,149\"/>\n\t<DLG:CImage id=\"select_mc\" anchorOffsetY=\"0\" scale9Grid=\"0,0,26,32\" width=\"89\" height=\"89\" anchorOffsetX=\"0\" y=\"2\" x=\"-2.5\" source=\"wuHun_bg_head1_png\" scaleX=\"1.2\" scaleY=\"1.2\"/>\n\t<DLG:CImage id=\"icon_img\" anchorOffsetY=\"0\" scale9Grid=\"0,0,26,32\" source=\"wuHun_head_1_png\" anchorOffsetX=\"0\" x=\"0\" y=\"0\"/>\n\t<DLG:CImage anchorOffsetY=\"0\" scale9Grid=\"0,0,26,32\" anchorOffsetX=\"0\" x=\"-1\" y=\"77\" source=\"wuHun_head_title_png\"/>\n\t<DLG:CImage id=\"icon_title\" anchorOffsetY=\"0\" scale9Grid=\"0,0,26,32\" anchorOffsetX=\"0\" x=\"14\" y=\"79\" source=\"wuHun_head_title_1_png\"/>\n</e:Skin>"
    },
    {
      "path": "resource/skins/wuHun/WuHunItemSkin.exml",
      "content": "<?xml version=\"1.0\" encoding=\"utf-8\"?>\n<e:Skin class=\"WuHunItemSkin\" width=\"60\" height=\"64\" xmlns:e=\"http://ns.egret.com/eui\" xmlns:DLG=\"DLG.*\" xmlns:w=\"http://ns.egret.com/wing\">\n\t<DLG:CImage id=\"bg_img\" width=\"60\" height=\"64\" anchorOffsetY=\"0\" x=\"0\" y=\"0\" scale9Grid=\"21,19,13,11\" source=\"wuHun_icon_bg_png\"/>\n\t<DLG:CImage id=\"icon_img\" anchorOffsetY=\"0\" scaleX=\"0.8\" scaleY=\"0.8\" scale9Grid=\"0,0,26,32\" source=\"goods_10004_png\" horizontalCenter=\"-0.5\" verticalCenter=\"-0.5\"/>\n</e:Skin>"
    },
    {
      "path": "resource/skins/wuHun/WuHunView.exml",
      "content": "<?xml version=\"1.0\" encoding=\"utf-8\"?>\n<e:Skin class=\"WuhunView\" width=\"640\" height=\"960\" xmlns:e=\"http://ns.egret.com/eui\" xmlns:DLG=\"DLG.*\" xmlns:w=\"http://ns.egret.com/wing\" xmlns:ns1=\"*\" xmlns:panel=\"panel.*\" xmlns:game=\"game.*\">\n\t<DLG:CRect width=\"900\" height=\"1600\" fillAlpha=\"0.7\" horizontalCenter=\"0\" verticalCenter=\"0\"/>\n\t<DLG:CImage y=\"0\" anchorOffsetX=\"0\" anchorOffsetY=\"0\" horizontalCenter=\"0\" height=\"960\" scale9Grid=\"299,447,34,171\" source=\"common_panel_bg_png\" locked=\"true\"/>\n\t<DLG:CImage anchorOffsetX=\"0\" anchorOffsetY=\"0\" scale9Grid=\"299,447,34,171\" horizontalCenter=\"1\" verticalCenter=\"-457.5\" source=\"wuHun_title_png\" locked=\"true\"/>\n\t<DLG:CButton id=\"back_btn\" width=\"74\" height=\"83\" horizontalCenter=\"-199\" y=\"828.72\" x=\"10\" skinName=\"BackBtnSkin\" locked=\"true\"/>\n\t<DLG:CButton id=\"close_btn\" width=\"52\" height=\"52\" horizontalCenter=\"263\" y=\"7.19\" x=\"20\" skinName=\"CloseBtn\"/>\n\t<DLG:CImage anchorOffsetX=\"0\" anchorOffsetY=\"0\" scale9Grid=\"47,8,4,7\" horizontalCenter=\"6.5\" verticalCenter=\"-24\" source=\"wuHun_bg_png\" locked=\"true\"/>\n\t<DLG:CImage anchorOffsetX=\"0\" anchorOffsetY=\"0\" horizontalCenter=\"5\" verticalCenter=\"-367.5\" scale9Grid=\"47,8,4,7\" width=\"493.67\" height=\"108.67\" source=\"wuHun_head_title_png\" locked=\"true\"/>\n\t<DLG:CList id=\"list\" width=\"491.67\" height=\"126.76\" anchorOffsetX=\"0\" anchorOffsetY=\"0\" x=\"80\" y=\"50\" itemRendererSkinName=\"RoleItemSkin\" locked=\"true\">\n\t\t<e:layout>\n\t\t<e:VerticalLayout gap=\"10\"/>\n\t\t</e:layout>\n\t</DLG:CList>\n\t<DLG:CImage id=\"wuhun_img\" anchorOffsetX=\"0\" anchorOffsetY=\"0\" scale9Grid=\"299,447,34,171\" horizontalCenter=\"24.5\" verticalCenter=\"-68.5\" width=\"333\" height=\"317\" source=\"wuHun_1_png\"/>\n\t<DLG:CImage anchorOffsetX=\"0\" anchorOffsetY=\"0\" scale9Grid=\"47,8,4,7\" horizontalCenter=\"18.5\" verticalCenter=\"-252\" source=\"wuHun_title_1_png\"/>\n\t<DLG:CImage anchorOffsetX=\"0\" anchorOffsetY=\"0\" scale9Grid=\"47,8,4,7\" horizontalCenter=\"19\" verticalCenter=\"-252\" source=\"wuHun_title_0_png\"/>\n\t<DLG:CGroup width=\"288\" height=\"32\" x=\"180\" y=\"206\" anchorOffsetY=\"0\" anchorOffsetX=\"0\" visible=\"false\">\n\t\t<DLG:CLabel text=\"下阶激活条件：\" anchorOffsetX=\"0\" fontFamily=\"KaiTi\" textAlign=\"left\" bold=\"true\" size=\"20\" scaleX=\"1\" scaleY=\"1\" verticalAlign=\"justify\" y=\"4\" textColor=\"0x0d0f14\"/>\n\t\t<DLG:CImage anchorOffsetX=\"0\" anchorOffsetY=\"0\" scale9Grid=\"47,8,4,7\" source=\"goods_37_png\" x=\"143\" y=\"0\" scaleX=\"1\" scaleY=\"1\"/>\n\t\t<DLG:CImage anchorOffsetX=\"0\" anchorOffsetY=\"0\" scale9Grid=\"47,8,4,7\" source=\"goods_37_png\" x=\"170\" y=\"0\" scaleX=\"1\" scaleY=\"1\"/>\n\t\t<DLG:CImage anchorOffsetX=\"0\" anchorOffsetY=\"0\" scale9Grid=\"47,8,4,7\" source=\"goods_37_png\" x=\"200\" y=\"0\" scaleX=\"1\" scaleY=\"1\"/>\n\t\t<DLG:CImage anchorOffsetX=\"0\" anchorOffsetY=\"0\" scale9Grid=\"47,8,4,7\" source=\"goods_37_png\" x=\"230\" y=\"0\" scaleX=\"1\" scaleY=\"1\"/>\n\t</DLG:CGroup>\n\t<DLG:CGroup id=\"item\" width=\"455\" height=\"256\" x=\"103\" y=\"287\" anchorOffsetX=\"0\" anchorOffsetY=\"0\">\n\t\t<DLG:CComponent id=\"item_1\" x=\"0.82\" y=\"0\" skinName=\"WuHunItemSkin\" scaleX=\"1.2\" scaleY=\"1.2\"/>\n\t\t<DLG:CComponent id=\"item_2\" y=\"90\" skinName=\"WuHunItemSkin\" scaleX=\"1.2\" scaleY=\"1.2\"/>\n\t\t<DLG:CComponent id=\"item_3\" x=\"0\" y=\"180\" skinName=\"WuHunItemSkin\" scaleX=\"1.2\" scaleY=\"1.2\"/>\n\t\t<DLG:CComponent id=\"item_4\" y=\"0\" skinName=\"WuHunItemSkin\" scaleX=\"1.2\" scaleY=\"1.2\" x=\"370\"/>\n\t\t<DLG:CComponent id=\"item_5\" x=\"370\" y=\"90\" skinName=\"WuHunItemSkin\" scaleX=\"1.2\" scaleY=\"1.2\"/>\n\t\t<DLG:CComponent id=\"item_6\" x=\"370\" y=\"180\" skinName=\"WuHunItemSkin\" scaleX=\"1.2\" scaleY=\"1.2\"/>\n\t</DLG:CGroup>\n\t<DLG:CGroup id=\"score\" x=\"281\" y=\"540.5\">\n\t\t<DLG:CImage anchorOffsetX=\"0\" anchorOffsetY=\"0\" scale9Grid=\"47,8,4,7\" x=\"0\" y=\"0\" scaleX=\"1\" scaleY=\"1\" source=\"wuHun_score_png\"/>\n\t\t<DLG:CImage id=\"score_100\" anchorOffsetX=\"0\" anchorOffsetY=\"0\" scale9Grid=\"47,8,4,7\" x=\"65\" y=\"5\" scaleX=\"1\" scaleY=\"1\" source=\"wuHun_score_2_png\"/>\n\t\t<DLG:CImage id=\"score_10\" anchorOffsetX=\"0\" anchorOffsetY=\"0\" scale9Grid=\"47,8,4,7\" scaleX=\"1\" scaleY=\"1\" x=\"80\" y=\"5\" source=\"wuHun_score_3_png\"/>\n\t\t<DLG:CImage id=\"score_1\" anchorOffsetX=\"0\" anchorOffsetY=\"0\" scale9Grid=\"47,8,4,7\" scaleX=\"1\" scaleY=\"1\" x=\"95\" y=\"5\" source=\"wuHun_score_3_png\"/>\n\t</DLG:CGroup>\n\t<DLG:CGroup width=\"509\" height=\"168\" x=\"76\" y=\"608\" anchorOffsetX=\"0\" anchorOffsetY=\"0\">\n\t\t<DLG:CImage anchorOffsetX=\"0\" anchorOffsetY=\"0\" scale9Grid=\"47,8,4,7\" x=\"0\" y=\"0\" scaleX=\"1\" scaleY=\"1\" source=\"wuHun_bg1_png\"/>\n\t\t<DLG:CGroup id=\"leftAttr\" width=\"200\" height=\"135\" x=\"40\" y=\"25\" anchorOffsetY=\"0\" scaleX=\"1\" scaleY=\"1\">\n\t\t\t<DLG:CImage anchorOffsetX=\"0\" anchorOffsetY=\"0\" scale9Grid=\"47,8,4,7\" scaleX=\"1\" scaleY=\"1\" source=\"wuHun_title_2_png\" x=\"-13\"/>\n\t\t\t<DLG:CLabel text=\"下一阶真身属性\" anchorOffsetX=\"0\" width=\"179\" fontFamily=\"KaiTi\" textAlign=\"center\" size=\"24\" textColor=\"0x2A3940\" x=\"0\" y=\"2\" scaleX=\"1\" scaleY=\"1\" bold=\"true\"/>\n\t\t\t<DLG:CLabel text=\"生命：\" anchorOffsetX=\"0\" fontFamily=\"KaiTi\" textAlign=\"left\" size=\"20\" x=\"31\" y=\"40\" scaleX=\"1\" scaleY=\"1\" textColor=\"0x2a3940\" bold=\"true\"/>\n\t\t\t<DLG:CLabel text=\"攻击：\" anchorOffsetX=\"0\" fontFamily=\"KaiTi\" textAlign=\"left\" bold=\"true\" size=\"20\" scaleX=\"1\" scaleY=\"1\" x=\"31\" y=\"73\" textColor=\"0x2a3940\"/>\n\t\t\t<DLG:CLabel text=\"防御：\" anchorOffsetX=\"0\" fontFamily=\"KaiTi\" textAlign=\"left\" size=\"20\" scaleX=\"1\" scaleY=\"1\" y=\"104\" x=\"31\" textColor=\"0x2a3940\" bold=\"true\"/>\n\t\t\t<DLG:CLabel id=\"attr_hp\" text=\"803\" anchorOffsetX=\"0\" fontFamily=\"KaiTi\" textAlign=\"left\" size=\"20\" scaleX=\"1\" scaleY=\"1\" x=\"85.67\" y=\"40\" textColor=\"0x067800\"/>\n\t\t\t<DLG:CLabel id=\"attr_atk\" text=\"+350\" anchorOffsetX=\"0\" fontFamily=\"KaiTi\" textAlign=\"left\" size=\"20\" scaleX=\"1\" scaleY=\"1\" y=\"73\" x=\"85.67\" textColor=\"0x067800\"/>\n\t\t\t<DLG:CLabel id=\"attr_def\" text=\"+200\" anchorOffsetX=\"0\" fontFamily=\"KaiTi\" textAlign=\"left\" textColor=\"0x067800\" size=\"20\" scaleX=\"1\" scaleY=\"1\" y=\"104\" x=\"85.67\"/>\n\t\t</DLG:CGroup>\n\t\t<DLG:CGroup id=\"rightAttr\" width=\"200\" height=\"137\" x=\"280\" y=\"25\" anchorOffsetY=\"0\" scaleX=\"1\" scaleY=\"1\">\n\t\t\t<DLG:CImage anchorOffsetX=\"0\" anchorOffsetY=\"0\" scale9Grid=\"47,8,4,7\" source=\"wuHun_title_2_png\" scaleX=\"1\" scaleY=\"1\" x=\"3\"/>\n\t\t\t<DLG:CLabel text=\"下一阶真身技能\" anchorOffsetX=\"0\" fontFamily=\"KaiTi\" textAlign=\"center\" bold=\"true\" size=\"24\" textColor=\"0x2A3940\" x=\"20\" y=\"4\" scaleX=\"1\" scaleY=\"1\" verticalAlign=\"justify\"/>\n\t\t\t<DLG:CImage id=\"skill_icom\" x=\"68\" y=\"37.5\" scaleX=\"1\" scaleY=\"1\" source=\"goods_99926_png\"/>\n\t\t\t<DLG:CLabel text=\"解锁一阶真身外显\" x=\"10\" y=\"104.66\" anchorOffsetX=\"0\" width=\"181\" textAlign=\"center\" size=\"20\" textColor=\"0xff0000\" scaleX=\"1\" scaleY=\"1\" bold=\"true\" fontFamily=\"KaiTi\" anchorOffsetY=\"0\" height=\"24\"/>\n\t\t</DLG:CGroup>\n\t</DLG:CGroup>\n\t<DLG:CButton id=\"tipLab\" width=\"542\" height=\"21\" horizontalCenter=\"35\" y=\"777\" x=\"60\" skinName=\"TipsItem\" anchorOffsetX=\"0\" anchorOffsetY=\"0\" visible=\"false\"/>\n\t<DLG:CButton id=\"strength_btn\" width=\"173.33\" height=\"69\" horizontalCenter=\"-87.5\" y=\"739.72\" x=\"20\" skinName=\"BagBtnSkin\" anchorOffsetX=\"0\" anchorOffsetY=\"0\" visible=\"false\"/>\n\t<DLG:CButton id=\"bag_btn\" width=\"175.82\" height=\"71\" horizontalCenter=\"123\" y=\"739.72\" x=\"30\" skinName=\"BagBtnSkin\" anchorOffsetX=\"0\" anchorOffsetY=\"0\" visible=\"false\"/>\n</e:Skin>"
    }
  ]
}